device,support_n,replicate,offset,method,selected_alpha,stability_loss,auroc,spauc01,fpr,tpr
Danmini_Doorbell,30,0,13729,selected,0.0,0.8222222222222222,0.9992230799999999,0.9609587939698493,0.9172,1.0
Danmini_Doorbell,30,0,13729,peer_scale_local_center,0.0,0.8222222222222222,0.9992230799999999,0.9609587939698493,0.9172,1.0
Danmini_Doorbell,30,0,13729,local_scale_local_center,0.0,0.8222222222222222,0.9442613300000001,0.4982371859296482,0.0059,0.0003
Danmini_Doorbell,30,0,13729,shared_marginals,0.0,0.8222222222222222,0.99927303,0.9634688442211055,0.8982,1.0
Danmini_Doorbell,30,1,21338,selected,1.0,0.8828282828282829,0.95019896,0.5188025125628141,0.0297,0.0568
Danmini_Doorbell,30,1,21338,peer_scale_local_center,1.0,0.8828282828282829,0.99936948,0.9683155778894472,0.0784,1.0
Danmini_Doorbell,30,1,21338,local_scale_local_center,1.0,0.8828282828282829,0.95019896,0.5188025125628141,0.0297,0.0568
Danmini_Doorbell,30,1,21338,shared_marginals,1.0,0.8828282828282829,0.99919316,0.9594552763819095,0.1052,1.0
Danmini_Doorbell,100,0,4949,selected,0.0,0.9212344028520499,0.9993196,0.9658090452261308,0.1221,1.0
Danmini_Doorbell,100,0,4949,peer_scale_local_center,0.0,0.9212344028520499,0.9993196,0.9658090452261308,0.1221,1.0
Danmini_Doorbell,100,0,4949,local_scale_local_center,0.0,0.9212344028520499,0.9925869900000001,0.6274869346733668,0.0073,0.0004
Danmini_Doorbell,100,0,4949,shared_marginals,0.0,0.9212344028520499,0.99933665,0.9666658291457286,0.1265,1.0
Danmini_Doorbell,100,1,23075,selected,0.0,0.9524844028520499,0.99943127,0.9714206030150754,0.1643,1.0
Danmini_Doorbell,100,1,23075,peer_scale_local_center,0.0,0.9524844028520499,0.99943127,0.9714206030150754,0.1643,1.0
Danmini_Doorbell,100,1,23075,local_scale_local_center,0.0,0.9524844028520499,0.9683012700000001,0.5093130653266331,0.0255,0.0587
Danmini_Doorbell,100,1,23075,shared_marginals,0.0,0.9524844028520499,0.99942497,0.9711040201005026,0.1744,1.0
Danmini_Doorbell,300,0,7398,selected,0.0,0.9713084641797516,0.9994250100000001,0.9711150753768845,0.1101,1.0
Danmini_Doorbell,300,0,7398,peer_scale_local_center,0.0,0.9713084641797516,0.9994250100000001,0.9711150753768845,0.1101,1.0
Danmini_Doorbell,300,0,7398,local_scale_local_center,0.0,0.9713084641797516,0.9919,0.5934030150753768,0.0737,1.0
Danmini_Doorbell,300,0,7398,shared_marginals,0.0,0.9713084641797516,0.99911067,0.9553100502512564,0.1233,1.0
Danmini_Doorbell,300,1,8572,selected,0.0,0.9639523952395239,0.99955634,0.977705527638191,0.0598,1.0
Danmini_Doorbell,300,1,8572,peer_scale_local_center,0.0,0.9639523952395239,0.99955634,0.977705527638191,0.0598,1.0
Danmini_Doorbell,300,1,8572,local_scale_local_center,0.0,0.9639523952395239,0.9955179599999999,0.7747718592964825,0.0569,1.0
Danmini_Doorbell,300,1,8572,shared_marginals,0.0,0.9639523952395239,0.99966057,0.982943216080402,0.0667,1.0
Danmini_Doorbell,1000,0,21938,selected,0.0,0.9906033657927461,0.99891356,0.9454080402010051,0.0935,1.0
Danmini_Doorbell,1000,0,21938,peer_scale_local_center,0.0,0.9906033657927461,0.99891356,0.9454080402010051,0.0935,1.0
Danmini_Doorbell,1000,0,21938,local_scale_local_center,0.0,0.9906033657927461,0.9957672,0.7886653266331658,0.0878,1.0
Danmini_Doorbell,1000,0,21938,shared_marginals,0.0,0.9906033657927461,0.9991318,0.9563718592964825,0.0915,1.0
Danmini_Doorbell,1000,1,19319,selected,0.25,0.9877003112339666,0.9947147,0.7344070351758795,0.0056,0.7235
Danmini_Doorbell,1000,1,19319,peer_scale_local_center,0.25,0.9877003112339666,0.99848793,0.9240165829145729,0.0011,0.7207
Danmini_Doorbell,1000,1,19319,local_scale_local_center,0.25,0.9877003112339666,0.99283748,0.6400743718592965,0.0076,0.7352
Danmini_Doorbell,1000,1,19319,shared_marginals,0.25,0.9877003112339666,0.9981013299999999,0.9045894472361808,0.001,0.7317
Ecobee_Thermostat,30,0,5974,selected,0.0,0.8592592592592591,0.9998632349576756,0.9931273848078185,0.004804392587508579,1.0
Ecobee_Thermostat,30,0,5974,peer_scale_local_center,0.0,0.8592592592592591,0.9998632349576756,0.9931273848078185,0.004804392587508579,1.0
Ecobee_Thermostat,30,0,5974,local_scale_local_center,0.0,0.8592592592592591,0.9998182338137726,0.9908660207925926,0.0,0.7217
Ecobee_Thermostat,30,0,5974,shared_marginals,0.0,0.8592592592592591,0.9998513612445665,0.9925307158073597,0.008007320979180966,1.0
Ecobee_Thermostat,30,1,1657,selected,0.0,0.6989898989898989,0.9998613360787005,0.9930319637537953,0.015099519560741249,1.0
Ecobee_Thermostat,30,1,1657,peer_scale_local_center,0.0,0.6989898989898989,0.9998613360787005,0.9930319637537953,0.015099519560741249,1.0
Ecobee_Thermostat,30,1,1657,local_scale_local_center,0.0,0.6989898989898989,0.9937774651109585,0.8987391199879516,0.023793182338137726,0.7986
Ecobee_Thermostat,30,1,1657,shared_marginals,0.0,0.6989898989898989,0.999834980553649,0.9917075655100025,0.024250743536948068,1.0
Ecobee_Thermostat,100,0,4986,selected,0.0,0.8806075460487226,0.9998681308625029,0.9933734101760231,0.07137954701441318,1.0
Ecobee_Thermostat,100,0,4986,peer_scale_local_center,0.0,0.8806075460487226,0.9998681308625029,0.9933734101760231,0.07137954701441318,1.0
Ecobee_Thermostat,100,0,4986,local_scale_local_center,0.0,0.8806075460487226,0.9993846716998399,0.9690789798914499,0.08258979638526653,1.0
Ecobee_Thermostat,100,0,4986,shared_marginals,0.0,0.8806075460487226,0.999848066803935,0.9923651660268857,0.07412491420727522,1.0
Ecobee_Thermostat,100,1,985,selected,0.0,0.8848781937017229,0.9998669640814459,0.9933147779621052,0.043010752688172046,1.0
Ecobee_Thermostat,100,1,985,peer_scale_local_center,0.0,0.8848781937017229,0.9998669640814459,0.9933147779621052,0.043010752688172046,1.0
Ecobee_Thermostat,100,1,985,local_scale_local_center,0.0,0.8848781937017229,0.9996455959734615,0.9821907524352487,0.11233127430793868,1.0
Ecobee_Thermostat,100,1,985,shared_marginals,0.0,0.8848781937017229,0.9998643788606726,0.9931848673704832,0.04484099748341341,1.0
Ecobee_Thermostat,300,0,123,selected,0.0,0.9044377771110441,0.9998602150537634,0.992975630842384,0.027682452528025623,1.0
Ecobee_Thermostat,300,0,123,peer_scale_local_center,0.0,0.9044377771110441,0.9998602150537634,0.992975630842384,0.027682452528025623,1.0
Ecobee_Thermostat,300,0,123,local_scale_local_center,0.0,0.9044377771110441,0.9996275451841683,0.9812836775964011,0.0038892701898878973,1.0
Ecobee_Thermostat,300,0,123,shared_marginals,0.0,0.9044377771110441,0.9998597117364448,0.9929503385148115,0.028597574925646307,1.0
Ecobee_Thermostat,300,1,936,selected,0.0,0.9354522118878553,0.9995771676961793,0.9787521455366515,0.12102493708533517,1.0
Ecobee_Thermostat,300,1,936,peer_scale_local_center,0.0,0.9354522118878553,0.9995771676961793,0.9787521455366515,0.12102493708533517,1.0
Ecobee_Thermostat,300,1,936,local_scale_local_center,0.0,0.9354522118878553,0.9993422328986502,0.9669463768165927,0.11370395790436971,1.0
Ecobee_Thermostat,300,1,936,shared_marginals,0.0,0.9354522118878553,0.9997643102264928,0.9881562927885825,0.12422786547700755,1.0
Ecobee_Thermostat,1000,0,6768,selected,0.0,0.9678988201100602,0.9994392358727979,0.9718208981305521,0.053992221459620224,1.0
Ecobee_Thermostat,1000,0,6768,peer_scale_local_center,0.0,0.9678988201100602,0.9994392358727979,0.9718208981305521,0.053992221459620224,1.0
Ecobee_Thermostat,1000,0,6768,local_scale_local_center,0.0,0.9678988201100602,0.9981757492564631,0.9083297751627043,0.046900022878059944,1.0
Ecobee_Thermostat,1000,0,6768,shared_marginals,0.0,0.9678988201100602,0.9994857240905971,0.974156989477242,0.0642873484328529,1.0
Ecobee_Thermostat,1000,1,2930,selected,0.0,0.9740104436013824,0.9994075497597803,0.9702286311447423,0.10821322351864562,1.0
Ecobee_Thermostat,1000,1,2930,peer_scale_local_center,0.0,0.9740104436013824,0.9994075497597803,0.9702286311447423,0.10821322351864562,1.0
Ecobee_Thermostat,1000,1,2930,local_scale_local_center,0.0,0.9740104436013824,0.9994986959505834,0.9748088417378589,0.12079615648592999,1.0
Ecobee_Thermostat,1000,1,2930,shared_marginals,0.0,0.9740104436013824,0.999453031342942,0.9725141378362874,0.10798444291924045,1.0
Ennio_Doorbell,30,0,20208,selected,1.0,0.8114478114478114,0.99767602,0.8834798994974874,0.0,0.0
Ennio_Doorbell,30,0,20208,peer_scale_local_center,1.0,0.8114478114478114,0.99916235,0.9579070351758794,0.0082,1.0
Ennio_Doorbell,30,0,20208,local_scale_local_center,1.0,0.8114478114478114,0.99767602,0.8834798994974874,0.0,0.0
Ennio_Doorbell,30,0,20208,shared_marginals,1.0,0.8114478114478114,0.99924704,0.9621628140703518,0.0205,1.0
Ennio_Doorbell,30,1,26023,selected,1.0,0.7562289562289561,0.9739482300000001,0.49819748743718595,0.0,0.0
Ennio_Doorbell,30,1,26023,peer_scale_local_center,1.0,0.7562289562289561,0.999822,0.9910552763819096,0.0069,0.9994
Ennio_Doorbell,30,1,26023,local_scale_local_center,1.0,0.7562289562289561,0.9739482300000001,0.49819748743718595,0.0,0.0
Ennio_Doorbell,30,1,26023,shared_marginals,1.0,0.7562289562289561,0.9998418099999999,0.9920507537688441,0.0864,1.0
Ennio_Doorbell,100,0,1417,selected,1.0,0.8383838383838383,0.9945639900000001,0.7940582914572863,0.0,0.0
Ennio_Doorbell,100,0,1417,peer_scale_local_center,1.0,0.8383838383838383,0.99879558,0.9394763819095477,0.0522,1.0
Ennio_Doorbell,100,0,1417,local_scale_local_center,1.0,0.8383838383838383,0.9945639900000001,0.7940582914572863,0.0,0.0
Ennio_Doorbell,100,0,1417,shared_marginals,1.0,0.8383838383838383,0.9991896699999999,0.9592798994974874,0.0524,1.0
Ennio_Doorbell,100,1,12955,selected,0.75,0.8611482471776593,0.9102983399999999,0.7147050251256282,0.0017,0.4006
Ennio_Doorbell,100,1,12955,peer_scale_local_center,0.75,0.8611482471776593,0.9121089299999999,0.7816437185929649,0.0,0.4199
Ennio_Doorbell,100,1,12955,local_scale_local_center,0.75,0.8611482471776593,0.9080545,0.7025391959798996,0.0016,0.0005
Ennio_Doorbell,100,1,12955,shared_marginals,0.75,0.8611482471776593,0.89091725,0.7862412060301507,0.0,0.4594
Ennio_Doorbell,300,0,13591,selected,1.0,0.9371257125712571,0.99744739,0.8717281407035176,0.2452,1.0
Ennio_Doorbell,300,0,13591,peer_scale_local_center,1.0,0.9371257125712571,0.9995087300000001,0.9753130653266331,0.2246,1.0
Ennio_Doorbell,300,0,13591,local_scale_local_center,1.0,0.9371257125712571,0.99744739,0.8717281407035176,0.2452,1.0
Ennio_Doorbell,300,0,13591,shared_marginals,1.0,0.9371257125712571,0.9995496300000001,0.9773683417085427,0.2193,1.0
Ennio_Doorbell,300,1,18831,selected,1.0,0.9457872453912058,0.94999361,0.7695306532663316,0.0005,0.3962
Ennio_Doorbell,300,1,18831,peer_scale_local_center,1.0,0.9457872453912058,0.96002447,0.7939572864321609,0.0,0.399
Ennio_Doorbell,300,1,18831,local_scale_local_center,1.0,0.9457872453912058,0.94999361,0.7695306532663316,0.0005,0.3962
Ennio_Doorbell,300,1,18831,shared_marginals,1.0,0.9457872453912058,0.9601095399999999,0.7941683417085428,0.0,0.4708
Ennio_Doorbell,1000,0,13619,selected,1.0,0.9833686763742315,0.98532458,0.7159185929648241,0.2216,1.0
Ennio_Doorbell,1000,0,13619,peer_scale_local_center,1.0,0.9833686763742315,0.9949291599999999,0.7633346733668342,0.2383,1.0
Ennio_Doorbell,1000,0,13619,local_scale_local_center,1.0,0.9833686763742315,0.98532458,0.7159185929648241,0.2216,1.0
Ennio_Doorbell,1000,0,13619,shared_marginals,1.0,0.9833686763742315,0.99575008,0.7867050251256282,0.2434,1.0
Ennio_Doorbell,1000,1,17567,selected,1.0,0.9801181854244407,0.9733807499999999,0.7606472361809045,0.0001,0.398
Ennio_Doorbell,1000,1,17567,peer_scale_local_center,1.0,0.9801181854244407,0.97669257,0.7633050251256281,0.0042,0.5296
Ennio_Doorbell,1000,1,17567,local_scale_local_center,1.0,0.9801181854244407,0.9733807499999999,0.7606472361809045,0.0001,0.398
Ennio_Doorbell,1000,1,17567,shared_marginals,1.0,0.9801181854244407,0.9759935900000001,0.7628748743718593,0.0053,0.5291
Philips_B120N10_Baby_Monitor,30,0,108401,selected,1.0,0.6235690235690234,0.95142207,0.49748743718592964,0.1178,1.0
Philips_B120N10_Baby_Monitor,30,0,108401,peer_scale_local_center,1.0,0.6235690235690234,0.9946628200000001,0.7324557788944723,0.6953,1.0
Philips_B120N10_Baby_Monitor,30,0,108401,local_scale_local_center,1.0,0.6235690235690234,0.95142207,0.49748743718592964,0.1178,1.0
Philips_B120N10_Baby_Monitor,30,0,108401,shared_marginals,1.0,0.6235690235690234,0.9951852000000001,0.7585070351758794,0.6396,1.0
Philips_B120N10_Baby_Monitor,30,1,72849,selected,0.75,0.8531986531986532,0.9999842999999999,0.9992110552763819,0.0,0.0
Philips_B120N10_Baby_Monitor,30,1,72849,peer_scale_local_center,0.75,0.8531986531986532,0.99574224,0.7861371859296482,0.0381,1.0
Philips_B120N10_Baby_Monitor,30,1,72849,local_scale_local_center,0.75,0.8531986531986532,0.99992165,0.9960904522613065,0.0,0.0
Philips_B120N10_Baby_Monitor,30,1,72849,shared_marginals,0.75,0.8531986531986532,0.99621381,0.809740703517588,0.0598,1.0
Philips_B120N10_Baby_Monitor,100,0,46598,selected,1.0,0.7945261437908497,0.9999340800000001,0.996705527638191,0.9472,1.0
Philips_B120N10_Baby_Monitor,100,0,46598,peer_scale_local_center,1.0,0.7945261437908497,0.9979766000000001,0.8983492462311558,0.2499,1.0
Philips_B120N10_Baby_Monitor,100,0,46598,local_scale_local_center,1.0,0.7945261437908497,0.9999340800000001,0.996705527638191,0.9472,1.0
Philips_B120N10_Baby_Monitor,100,0,46598,shared_marginals,1.0,0.7945261437908497,0.9983043400000001,0.9148040201005025,0.3668,1.0
Philips_B120N10_Baby_Monitor,100,1,88253,selected,1.0,0.7462492572786691,0.93633105,0.49748743718592964,0.0592,0.3048
Philips_B120N10_Baby_Monitor,100,1,88253,peer_scale_local_center,1.0,0.7462492572786691,0.99309723,0.6621125628140703,0.5366,1.0
Philips_B120N10_Baby_Monitor,100,1,88253,local_scale_local_center,1.0,0.7462492572786691,0.93633105,0.49748743718592964,0.0592,0.3048
Philips_B120N10_Baby_Monitor,100,1,88253,shared_marginals,1.0,0.7462492572786691,0.9941321799999999,0.7054090452261307,0.5493,1.0
Philips_B120N10_Baby_Monitor,300,0,60542,selected,0.0,0.9185471880521384,0.99818528,0.908808040201005,0.0,0.0001
Philips_B120N10_Baby_Monitor,300,0,60542,peer_scale_local_center,0.0,0.9185471880521384,0.99818528,0.908808040201005,0.0,0.0001
Philips_B120N10_Baby_Monitor,300,0,60542,local_scale_local_center,0.0,0.9185471880521384,0.99999518,0.9999030150753769,0.0,0.0
Philips_B120N10_Baby_Monitor,300,0,60542,shared_marginals,0.0,0.9185471880521384,0.99519533,0.7585954773869347,0.0,0.0
Philips_B120N10_Baby_Monitor,300,1,83638,selected,0.0,0.8423709037570423,0.99663214,0.8308195979899498,0.4092,1.0
Philips_B120N10_Baby_Monitor,300,1,83638,peer_scale_local_center,0.0,0.8423709037570423,0.99663214,0.8308195979899498,0.4092,1.0
Philips_B120N10_Baby_Monitor,300,1,83638,local_scale_local_center,0.0,0.8423709037570423,0.99848926,0.9436452261306532,0.5428,1.0
Philips_B120N10_Baby_Monitor,300,1,83638,shared_marginals,0.0,0.8423709037570423,0.99741211,0.8699628140703517,0.3946,1.0
Philips_B120N10_Baby_Monitor,1000,0,41802,selected,1.0,0.9387213308106461,0.99965539,0.9826834170854273,0.5817,1.0
Philips_B120N10_Baby_Monitor,1000,0,41802,peer_scale_local_center,1.0,0.9387213308106461,0.9981532799999999,0.9072,0.5147,1.0
Philips_B120N10_Baby_Monitor,1000,0,41802,local_scale_local_center,1.0,0.9387213308106461,0.99965539,0.9826834170854273,0.5817,1.0
Philips_B120N10_Baby_Monitor,1000,0,41802,shared_marginals,1.0,0.9387213308106461,0.99799606,0.8993050251256283,0.5087,1.0
Philips_B120N10_Baby_Monitor,1000,1,28006,selected,1.0,0.9158275222051285,0.9653502999999999,0.6979989949748744,0.5,1.0
Philips_B120N10_Baby_Monitor,1000,1,28006,peer_scale_local_center,1.0,0.9158275222051285,0.9958590300000001,0.7923341708542714,0.4429,1.0
Philips_B120N10_Baby_Monitor,1000,1,28006,local_scale_local_center,1.0,0.9158275222051285,0.9653502999999999,0.6979989949748744,0.5,1.0
Philips_B120N10_Baby_Monitor,1000,1,28006,shared_marginals,1.0,0.9158275222051285,0.9965775000000001,0.828021608040201,0.4505,1.0
Provision_PT_737E_Security_Camera,30,0,10766,selected,1.0,0.6680134680134678,0.99911739,0.9785381909547739,0.0,0.0
Provision_PT_737E_Security_Camera,30,0,10766,peer_scale_local_center,1.0,0.6680134680134678,0.99882951,0.9418597989949749,0.0,0.0169
Provision_PT_737E_Security_Camera,30,0,10766,local_scale_local_center,1.0,0.6680134680134678,0.99911739,0.9785381909547739,0.0,0.0
Provision_PT_737E_Security_Camera,30,0,10766,shared_marginals,1.0,0.6680134680134678,0.99944374,0.9724422110552764,0.0,0.3729
Provision_PT_737E_Security_Camera,30,1,17393,selected,0.0,0.8026936026936027,0.8976127400000001,0.6567281407035176,0.2392,1.0
Provision_PT_737E_Security_Camera,30,1,17393,peer_scale_local_center,0.0,0.8026936026936027,0.8976127400000001,0.6567281407035176,0.2392,1.0
Provision_PT_737E_Security_Camera,30,1,17393,local_scale_local_center,0.0,0.8026936026936027,0.58112984,0.49748743718592964,0.2243,0.0
Provision_PT_737E_Security_Camera,30,1,17393,shared_marginals,0.0,0.8026936026936027,0.9081172799999999,0.5989105527638191,0.2739,1.0
Provision_PT_737E_Security_Camera,100,0,8150,selected,1.0,0.8345959595959597,0.9948013299999999,0.7481482412060302,0.0,0.0
Provision_PT_737E_Security_Camera,100,0,8150,peer_scale_local_center,1.0,0.8345959595959597,0.9975613799999999,0.877645728643216,0.0021,0.3575
Provision_PT_737E_Security_Camera,100,0,8150,local_scale_local_center,1.0,0.8345959595959597,0.9948013299999999,0.7481482412060302,0.0,0.0
Provision_PT_737E_Security_Camera,100,0,8150,shared_marginals,1.0,0.8345959595959597,0.99789511,0.8943412060301508,0.1799,1.0
Provision_PT_737E_Security_Camera,100,1,5484,selected,0.5,0.7315990790255498,0.99744391,0.8715532663316583,0.0057,0.9343
Provision_PT_737E_Security_Camera,100,1,5484,peer_scale_local_center,0.5,0.7315990790255498,0.9979872200000001,0.8988552763819095,0.0038,0.9998
Provision_PT_737E_Security_Camera,100,1,5484,local_scale_local_center,0.5,0.7315990790255498,0.98809831,0.6482562814070352,0.0056,0.3761
Provision_PT_737E_Security_Camera,100,1,5484,shared_marginals,0.5,0.7315990790255498,0.99813309,0.9061854271356784,0.0046,1.0
Provision_PT_737E_Security_Camera,300,0,39890,selected,1.0,0.8009914324765809,0.7737484699999999,0.6818291457286432,0.0,0.0
Provision_PT_737E_Security_Camera,300,0,39890,peer_scale_local_center,1.0,0.8009914324765809,0.9458668699999999,0.8443412060301508,0.0,0.0
Provision_PT_737E_Security_Camera,300,0,39890,local_scale_local_center,1.0,0.8009914324765809,0.7737484699999999,0.6818291457286432,0.0,0.0
Provision_PT_737E_Security_Camera,300,0,39890,shared_marginals,1.0,0.8009914324765809,0.99599723,0.8836487437185929,0.0,0.0
Provision_PT_737E_Security_Camera,300,1,33965,selected,0.0,0.922938960562723,0.9973424700000001,0.8850859296482412,0.0,0.0
Provision_PT_737E_Security_Camera,300,1,33965,peer_scale_local_center,0.0,0.922938960562723,0.9973424700000001,0.8850859296482412,0.0,0.0
Provision_PT_737E_Security_Camera,300,1,33965,local_scale_local_center,0.0,0.922938960562723,0.9959267,0.8291045226130653,0.0,0.0
Provision_PT_737E_Security_Camera,300,1,33965,shared_marginals,0.0,0.922938960562723,0.99743741,0.888805527638191,0.0,0.0
Provision_PT_737E_Security_Camera,1000,0,7518,selected,0.0,0.9509437834053664,0.99613544,0.8464035175879396,0.1368,1.0
Provision_PT_737E_Security_Camera,1000,0,7518,peer_scale_local_center,0.0,0.9509437834053664,0.99613544,0.8464035175879396,0.1368,1.0
Provision_PT_737E_Security_Camera,1000,0,7518,local_scale_local_center,0.0,0.9509437834053664,0.9959870200000001,0.8240693467336684,0.1421,1.0
Provision_PT_737E_Security_Camera,1000,0,7518,shared_marginals,0.0,0.9509437834053664,0.9964575400000001,0.8493854271356784,0.1257,1.0
Provision_PT_737E_Security_Camera,1000,1,11746,selected,0.25,0.9635555221912627,0.99794421,0.8966939698492462,0.0731,1.0
Provision_PT_737E_Security_Camera,1000,1,11746,peer_scale_local_center,0.25,0.9635555221912627,0.99811295,0.9051733668341708,0.0756,1.0
Provision_PT_737E_Security_Camera,1000,1,11746,local_scale_local_center,0.25,0.9635555221912627,0.9953977700000001,0.8039527638190955,0.077,1.0
Provision_PT_737E_Security_Camera,1000,1,11746,shared_marginals,0.25,0.9635555221912627,0.99836375,0.9177763819095477,0.075,1.0
Provision_PT_838_Security_Camera,30,0,8744,selected,0.0,0.6255892255892255,0.9820055400000001,0.8054195979899497,0.0,0.1469
Provision_PT_838_Security_Camera,30,0,8744,peer_scale_local_center,0.0,0.6255892255892255,0.9820055400000001,0.8054195979899497,0.0,0.1469
Provision_PT_838_Security_Camera,30,0,8744,local_scale_local_center,0.0,0.6255892255892255,0.99125359,0.8147060301507538,0.0,0.0
Provision_PT_838_Security_Camera,30,0,8744,shared_marginals,0.0,0.6255892255892255,0.98224366,0.7914120603015076,0.0,0.1807
Provision_PT_838_Security_Camera,30,1,41911,selected,0.0,0.8,0.92680283,0.7102608040201005,0.0002,0.3737
Provision_PT_838_Security_Camera,30,1,41911,peer_scale_local_center,0.0,0.8,0.92680283,0.7102608040201005,0.0002,0.3737
Provision_PT_838_Security_Camera,30,1,41911,local_scale_local_center,0.0,0.8,0.98176891,0.8202562814070351,0.0,0.0
Provision_PT_838_Security_Camera,30,1,41911,shared_marginals,0.0,0.8,0.94386713,0.7120603015075377,0.079,0.7301
Provision_PT_838_Security_Camera,100,0,4694,selected,0.0,0.8049428104575163,0.8750322700000001,0.7004919597989949,0.1618,0.4514
Provision_PT_838_Security_Camera,100,0,4694,peer_scale_local_center,0.0,0.8049428104575163,0.8750322700000001,0.7004919597989949,0.1618,0.4514
Provision_PT_838_Security_Camera,100,0,4694,local_scale_local_center,0.0,0.8049428104575163,0.9749641,0.7740969849246231,0.0,0.0
Provision_PT_838_Security_Camera,100,0,4694,shared_marginals,0.0,0.8049428104575163,0.88864561,0.696480904522613,0.1264,0.4151
Provision_PT_838_Security_Camera,100,1,36112,selected,0.0,0.7839609328579917,0.8156465900000001,0.5039261306532663,0.3511,1.0
Provision_PT_838_Security_Camera,100,1,36112,peer_scale_local_center,0.0,0.7839609328579917,0.8156465900000001,0.5039261306532663,0.3511,1.0
Provision_PT_838_Security_Camera,100,1,36112,local_scale_local_center,0.0,0.7839609328579917,0.6749762399999999,0.49748743718592964,0.3012,0.0001
Provision_PT_838_Security_Camera,100,1,36112,shared_marginals,0.0,0.7839609328579917,0.81303406,0.4976824120603015,0.4472,1.0
Provision_PT_838_Security_Camera,300,0,52475,selected,0.0,0.8579731306463979,0.99908535,0.954037688442211,0.0,0.0
Provision_PT_838_Security_Camera,300,0,52475,peer_scale_local_center,0.0,0.8579731306463979,0.99908535,0.954037688442211,0.0,0.0
Provision_PT_838_Security_Camera,300,0,52475,local_scale_local_center,0.0,0.8579731306463979,0.9969406199999999,0.8484889447236181,0.0,0.0
Provision_PT_838_Security_Camera,300,0,52475,shared_marginals,0.0,0.8579731306463979,0.9992430699999999,0.9619633165829145,0.0,0.0
Provision_PT_838_Security_Camera,300,1,54247,selected,0.5,0.9382004867153382,0.99754632,0.876703015075377,0.0,0.0
Provision_PT_838_Security_Camera,300,1,54247,peer_scale_local_center,0.5,0.9382004867153382,0.99869456,0.9344,0.0019,0.6865
Provision_PT_838_Security_Camera,300,1,54247,local_scale_local_center,0.5,0.9382004867153382,0.99179116,0.7854050251256282,0.0,0.0
Provision_PT_838_Security_Camera,300,1,54247,shared_marginals,0.5,0.9382004867153382,0.99871287,0.9353201005025127,0.0095,1.0
Provision_PT_838_Security_Camera,1000,0,1364,selected,0.0,0.956089340910061,0.98249151,0.6308140703517588,0.0399,0.8033
Provision_PT_838_Security_Camera,1000,0,1364,peer_scale_local_center,0.0,0.956089340910061,0.98249151,0.6308140703517588,0.0399,0.8033
Provision_PT_838_Security_Camera,1000,0,1364,local_scale_local_center,0.0,0.956089340910061,0.98761405,0.795821608040201,0.0383,0.8033
Provision_PT_838_Security_Camera,1000,0,1364,shared_marginals,0.0,0.956089340910061,0.983016,0.6327326633165828,0.0418,0.8033
Provision_PT_838_Security_Camera,1000,1,5977,selected,0.0,0.9599838638147562,0.99930984,0.9653311557788944,0.0346,1.0
Provision_PT_838_Security_Camera,1000,1,5977,peer_scale_local_center,0.0,0.9599838638147562,0.99930984,0.9653311557788944,0.0346,1.0
Provision_PT_838_Security_Camera,1000,1,5977,local_scale_local_center,0.0,0.9599838638147562,0.9958325900000001,0.8593417085427135,0.046,1.0
Provision_PT_838_Security_Camera,1000,1,5977,shared_marginals,0.0,0.9599838638147562,0.99937152,0.9684256281407035,0.0287,1.0
Samsung_SNH_1011_N_Webcam,30,0,27087,selected,1.0,0.5629629629629629,0.73315224,0.4976190954773869,0.254,0.0038
Samsung_SNH_1011_N_Webcam,30,0,27087,peer_scale_local_center,1.0,0.5629629629629629,0.9992253600000001,0.9610733668341709,0.0131,1.0
Samsung_SNH_1011_N_Webcam,30,0,27087,local_scale_local_center,1.0,0.5629629629629629,0.73315224,0.4976190954773869,0.254,0.0038
Samsung_SNH_1011_N_Webcam,30,0,27087,shared_marginals,1.0,0.5629629629629629,0.99920344,0.9599718592964824,0.0237,1.0
Samsung_SNH_1011_N_Webcam,30,1,1390,selected,0.0,0.6868686868686869,0.9997324,0.9865527638190955,0.1633,1.0
Samsung_SNH_1011_N_Webcam,30,1,1390,peer_scale_local_center,0.0,0.6868686868686869,0.9997324,0.9865527638190955,0.1633,1.0
Samsung_SNH_1011_N_Webcam,30,1,1390,local_scale_local_center,0.0,0.6868686868686869,0.9229314,0.4976678391959799,0.2479,1.0
Samsung_SNH_1011_N_Webcam,30,1,1390,shared_marginals,0.0,0.6868686868686869,0.99956612,0.9781969849246231,0.1759,1.0
Samsung_SNH_1011_N_Webcam,100,0,15977,selected,1.0,0.9263963161021986,0.97693227,0.6965326633165829,0.0,0.0
Samsung_SNH_1011_N_Webcam,100,0,15977,peer_scale_local_center,1.0,0.9263963161021986,0.9971510000000001,0.9552130653266332,0.0,0.0
Samsung_SNH_1011_N_Webcam,100,0,15977,local_scale_local_center,1.0,0.9263963161021986,0.97693227,0.6965326633165829,0.0,0.0
Samsung_SNH_1011_N_Webcam,100,0,15977,shared_marginals,1.0,0.9263963161021986,0.9991836700000001,0.963067336683417,0.0019,0.9274
Samsung_SNH_1011_N_Webcam,100,1,28677,selected,1.0,0.5286504753416519,0.7122415,0.49770854271356785,0.3156,1.0
Samsung_SNH_1011_N_Webcam,100,1,28677,peer_scale_local_center,1.0,0.5286504753416519,0.99922802,0.9612070351758795,0.554,1.0
Samsung_SNH_1011_N_Webcam,100,1,28677,local_scale_local_center,1.0,0.5286504753416519,0.7122415,0.49770854271356785,0.3156,1.0
Samsung_SNH_1011_N_Webcam,100,1,28677,shared_marginals,1.0,0.5286504753416519,0.9992276299999999,0.9611874371859297,0.5474,1.0
Samsung_SNH_1011_N_Webcam,300,0,20087,selected,1.0,0.9033249991665832,0.99729681,0.8641613065326634,0.0234,1.0
Samsung_SNH_1011_N_Webcam,300,0,20087,peer_scale_local_center,1.0,0.9033249991665832,0.9989651500000001,0.9479974874371859,0.0482,1.0
Samsung_SNH_1011_N_Webcam,300,0,20087,local_scale_local_center,1.0,0.9033249991665832,0.99729681,0.8641613065326634,0.0234,1.0
Samsung_SNH_1011_N_Webcam,300,0,20087,shared_marginals,1.0,0.9033249991665832,0.9990165,0.9505778894472362,0.0497,1.0
Samsung_SNH_1011_N_Webcam,300,1,10223,selected,0.5,0.9171123779044569,0.7634105600000001,0.4976924623115578,0.1285,0.0012
Samsung_SNH_1011_N_Webcam,300,1,10223,peer_scale_local_center,0.5,0.9171123779044569,0.9955098200000001,0.7842597989949749,0.07,1.0
Samsung_SNH_1011_N_Webcam,300,1,10223,local_scale_local_center,0.5,0.9171123779044569,0.7166486,0.4976994974874372,0.1176,0.0011
Samsung_SNH_1011_N_Webcam,300,1,10223,shared_marginals,0.5,0.9171123779044569,0.99595829,0.7968989949748744,0.0676,1.0
Samsung_SNH_1011_N_Webcam,1000,0,6607,selected,0.75,0.9694287029255649,0.9953392700000001,0.7758201005025125,0.0,0.0
Samsung_SNH_1011_N_Webcam,1000,0,6607,peer_scale_local_center,0.75,0.9694287029255649,0.99866228,0.9327778894472363,0.0749,1.0
Samsung_SNH_1011_N_Webcam,1000,0,6607,local_scale_local_center,0.75,0.9694287029255649,0.99302865,0.7567060301507538,0.0,0.0
Samsung_SNH_1011_N_Webcam,1000,0,6607,shared_marginals,0.75,0.9694287029255649,0.99888252,0.9438452261306532,0.0839,1.0
Samsung_SNH_1011_N_Webcam,1000,1,27055,selected,0.75,0.9723367765716804,0.99749513,0.874127135678392,0.0606,1.0
Samsung_SNH_1011_N_Webcam,1000,1,27055,peer_scale_local_center,0.75,0.9723367765716804,0.99894822,0.9471467336683417,0.0632,1.0
Samsung_SNH_1011_N_Webcam,1000,1,27055,local_scale_local_center,0.75,0.9723367765716804,0.99664122,0.8322336683417085,0.0556,1.0
Samsung_SNH_1011_N_Webcam,1000,1,27055,shared_marginals,0.75,0.9723367765716804,0.99915555,0.9575653266331658,0.0666,1.0
SimpleHome_XCS7_1002_WHT_Security_Camera,30,0,26651,selected,0.5,0.7979797979797979,0.94778653,0.4975180904522613,0.0417,0.0003
SimpleHome_XCS7_1002_WHT_Security_Camera,30,0,26651,peer_scale_local_center,0.5,0.7979797979797979,0.9987591400000001,0.9403226130653266,0.0752,1.0
SimpleHome_XCS7_1002_WHT_Security_Camera,30,0,26651,local_scale_local_center,0.5,0.7979797979797979,0.9395951599999999,0.4975155778894472,0.0426,0.0003
SimpleHome_XCS7_1002_WHT_Security_Camera,30,0,26651,shared_marginals,0.5,0.7979797979797979,0.9991405600000001,0.9588477386934673,0.093,1.0
SimpleHome_XCS7_1002_WHT_Security_Camera,30,1,9272,selected,0.25,0.7232323232323231,0.92517688,0.4975211055276382,0.0864,0.9987
SimpleHome_XCS7_1002_WHT_Security_Camera,30,1,9272,peer_scale_local_center,0.25,0.7232323232323231,0.9986165499999999,0.9341743718592965,0.2081,1.0
SimpleHome_XCS7_1002_WHT_Security_Camera,30,1,9272,local_scale_local_center,0.25,0.7232323232323231,0.83550017,0.49751658291457285,0.0829,0.0009
SimpleHome_XCS7_1002_WHT_Security_Camera,30,1,9272,shared_marginals,0.25,0.7232323232323231,0.99941981,0.9730547738693467,0.224,1.0
SimpleHome_XCS7_1002_WHT_Security_Camera,100,0,24151,selected,0.5,0.9115604575163397,0.9480359800000001,0.49748743718592964,0.1146,1.0
SimpleHome_XCS7_1002_WHT_Security_Camera,100,0,24151,peer_scale_local_center,0.5,0.9115604575163397,0.99747155,0.8780889447236181,0.1866,1.0
SimpleHome_XCS7_1002_WHT_Security_Camera,100,0,24151,local_scale_local_center,0.5,0.9115604575163397,0.9408719899999999,0.49748743718592964,0.099,1.0
SimpleHome_XCS7_1002_WHT_Security_Camera,100,0,24151,shared_marginals,0.5,0.9115604575163397,0.9991731,0.9604301507537688,0.1214,1.0
SimpleHome_XCS7_1002_WHT_Security_Camera,100,1,22585,selected,0.0,0.9418634878193701,0.99787915,0.8992492462311559,0.0966,1.0
SimpleHome_XCS7_1002_WHT_Security_Camera,100,1,22585,peer_scale_local_center,0.0,0.9418634878193701,0.99787915,0.8992492462311559,0.0966,1.0
SimpleHome_XCS7_1002_WHT_Security_Camera,100,1,22585,local_scale_local_center,0.0,0.9418634878193701,0.9419735600000001,0.49748743718592964,0.1366,1.0
SimpleHome_XCS7_1002_WHT_Security_Camera,100,1,22585,shared_marginals,0.0,0.9418634878193701,0.99897469,0.9510221105527639,0.0957,1.0
SimpleHome_XCS7_1002_WHT_Security_Camera,300,0,29029,selected,0.25,0.9636690335700234,0.95236533,0.4975366834170854,0.0477,0.7972
SimpleHome_XCS7_1002_WHT_Security_Camera,300,0,29029,peer_scale_local_center,0.25,0.9636690335700234,0.9826803700000001,0.7421683417085427,0.0326,0.797
SimpleHome_XCS7_1002_WHT_Security_Camera,300,0,29029,local_scale_local_center,0.25,0.9636690335700234,0.9391418,0.49756582914572867,0.0634,0.7975
SimpleHome_XCS7_1002_WHT_Security_Camera,300,0,29029,shared_marginals,0.25,0.9636690335700234,0.98584575,0.7472608040201005,0.032,0.8008
SimpleHome_XCS7_1002_WHT_Security_Camera,300,1,22721,selected,0.25,0.9724885821915525,0.9724612499999999,0.49748743718592964,0.1174,1.0
SimpleHome_XCS7_1002_WHT_Security_Camera,300,1,22721,peer_scale_local_center,0.25,0.9724885821915525,0.99570721,0.8307804020100503,0.1077,1.0
SimpleHome_XCS7_1002_WHT_Security_Camera,300,1,22721,local_scale_local_center,0.25,0.9724885821915525,0.9672230300000001,0.49748743718592964,0.1335,1.0
SimpleHome_XCS7_1002_WHT_Security_Camera,300,1,22721,shared_marginals,0.25,0.9724885821915525,0.9976071,0.8828190954773869,0.1006,1.0
SimpleHome_XCS7_1002_WHT_Security_Camera,1000,0,19063,selected,0.0,0.9739362405475962,0.9742083399999998,0.5173587939698493,0.0,0.0
SimpleHome_XCS7_1002_WHT_Security_Camera,1000,0,19063,peer_scale_local_center,0.0,0.9739362405475962,0.9742083399999998,0.5173587939698493,0.0,0.0
SimpleHome_XCS7_1002_WHT_Security_Camera,1000,0,19063,local_scale_local_center,0.0,0.9739362405475962,0.9747568500000001,0.4975211055276382,0.0,0.0
SimpleHome_XCS7_1002_WHT_Security_Camera,1000,0,19063,shared_marginals,0.0,0.9739362405475962,0.97220125,0.5075884422110553,0.0,0.0
SimpleHome_XCS7_1002_WHT_Security_Camera,1000,1,29530,selected,0.0,0.9885383724392454,0.97325445,0.7509688442211055,0.0009,0.5027
SimpleHome_XCS7_1002_WHT_Security_Camera,1000,1,29530,peer_scale_local_center,0.0,0.9885383724392454,0.97325445,0.7509688442211055,0.0009,0.5027
SimpleHome_XCS7_1002_WHT_Security_Camera,1000,1,29530,local_scale_local_center,0.0,0.9885383724392454,0.9629128699999999,0.5107532663316583,0.0254,0.5322
SimpleHome_XCS7_1002_WHT_Security_Camera,1000,1,29530,shared_marginals,0.0,0.9885383724392454,0.97517578,0.7476964824120603,0.0009,0.442
SimpleHome_XCS7_1003_WHT_Security_Camera,30,0,6790,selected,0.75,0.7104377104377103,0.9511422478675363,0.5315556541698289,0.00769359424652952,0.1012
SimpleHome_XCS7_1003_WHT_Security_Camera,30,0,6790,peer_scale_local_center,0.75,0.7104377104377103,0.9999998494731561,0.9999924358369873,0.04599431343033952,1.0
SimpleHome_XCS7_1003_WHT_Security_Camera,30,0,6790,local_scale_local_center,0.75,0.7104377104377103,0.944856664994146,0.530460615504349,0.006355577855828734,0.0695
SimpleHome_XCS7_1003_WHT_Security_Camera,30,0,6790,shared_marginals,0.75,0.7104377104377103,0.9999994982438535,0.9999747861232908,0.04984111055360428,1.0
SimpleHome_XCS7_1003_WHT_Security_Camera,30,1,556,selected,0.25,0.8107744107744108,0.9934330322796454,0.777515264901191,0.9697273791603948,1.0
SimpleHome_XCS7_1003_WHT_Security_Camera,30,1,556,peer_scale_local_center,0.25,0.8107744107744108,0.9999998494731561,0.9999924358369873,0.369292523833417,1.0
SimpleHome_XCS7_1003_WHT_Security_Camera,30,1,556,local_scale_local_center,0.25,0.8107744107744108,0.9887453420304398,0.7630204627418746,0.9968222110720857,1.0
SimpleHome_XCS7_1003_WHT_Security_Camera,30,1,556,shared_marginals,0.25,0.8107744107744108,0.9999995818698779,0.9999789884360757,0.5930757651781234,1.0
SimpleHome_XCS7_1003_WHT_Security_Camera,100,0,11914,selected,1.0,0.8996026440879383,0.9358421976919218,0.7405445020721604,0.0003345040976751965,0.0398
SimpleHome_XCS7_1003_WHT_Security_Camera,100,0,11914,peer_scale_local_center,1.0,0.8996026440879383,0.9997706807158389,0.9884764178813452,0.0,0.4909
SimpleHome_XCS7_1003_WHT_Security_Camera,100,0,11914,local_scale_local_center,1.0,0.8996026440879383,0.9358421976919218,0.7405445020721604,0.0003345040976751965,0.0398
SimpleHome_XCS7_1003_WHT_Security_Camera,100,0,11914,shared_marginals,1.0,0.8996026440879383,0.9998366114734905,0.9917895212809322,0.0,0.6126
SimpleHome_XCS7_1003_WHT_Security_Camera,100,1,3312,selected,0.5,0.8955362448009507,0.9783094999163741,0.7748650427249142,0.4005686569660478,1.0
SimpleHome_XCS7_1003_WHT_Security_Camera,100,1,3312,peer_scale_local_center,0.5,0.8955362448009507,1.0,1.0,0.4224786753637732,1.0
SimpleHome_XCS7_1003_WHT_Security_Camera,100,1,3312,local_scale_local_center,0.5,0.8955362448009507,0.9657710319451414,0.761731218393355,0.11690918213748118,1.0
SimpleHome_XCS7_1003_WHT_Security_Camera,100,1,3312,shared_marginals,0.5,0.8955362448009507,0.9999976584713163,0.9998823352420239,0.4351898310754307,1.0
SimpleHome_XCS7_1003_WHT_Security_Camera,300,0,12717,selected,0.75,0.9362569590292361,0.9999895467469476,0.999474710901892,0.0,0.5877
SimpleHome_XCS7_1003_WHT_Security_Camera,300,0,12717,peer_scale_local_center,0.75,0.9362569590292361,0.999971215922395,0.9985535639394497,0.0,0.8297
SimpleHome_XCS7_1003_WHT_Security_Camera,300,0,12717,local_scale_local_center,0.75,0.9362569590292361,0.9999892791436695,0.9994612635009804,0.0,0.0711
SimpleHome_XCS7_1003_WHT_Security_Camera,300,0,12717,shared_marginals,0.75,0.9362569590292361,0.9999959190500084,0.9997949271360986,0.0,0.9014
SimpleHome_XCS7_1003_WHT_Security_Camera,300,1,1157,selected,0.5,0.965203186985365,0.9991148352567318,0.9555193596347686,0.0,0.0012
SimpleHome_XCS7_1003_WHT_Security_Camera,300,1,1157,peer_scale_local_center,0.5,0.965203186985365,0.999994530858003,0.9997251687438699,0.0097006188325807,1.0
SimpleHome_XCS7_1003_WHT_Security_Camera,300,1,1157,local_scale_local_center,0.5,0.965203186985365,0.997839120254223,0.891413078101664,0.0,0.0008
SimpleHome_XCS7_1003_WHT_Security_Camera,300,1,1157,shared_marginals,0.5,0.965203186985365,0.9999976751965212,0.9998831757045807,0.010871383174443887,1.0
SimpleHome_XCS7_1003_WHT_Security_Camera,1000,0,9056,selected,0.5,0.9887455451989037,0.9986898143502259,0.9341615251369744,0.0008362602441879914,0.0306
SimpleHome_XCS7_1003_WHT_Security_Camera,1000,0,9056,peer_scale_local_center,0.5,0.9887455451989037,0.9999901990299381,0.9995074889416138,0.0030105368790767687,1.0
SimpleHome_XCS7_1003_WHT_Security_Camera,1000,0,9056,local_scale_local_center,0.5,0.9887455451989037,0.9980844455594581,0.903740982887342,0.0008362602441879914,0.0284
SimpleHome_XCS7_1003_WHT_Security_Camera,1000,0,9056,shared_marginals,0.5,0.9887455451989037,0.9999962201036963,0.9998100554621241,0.0041813012209399565,1.0
SimpleHome_XCS7_1003_WHT_Security_Camera,1000,1,983,selected,0.0,0.9876928187115043,0.9999941461782906,0.9997058381050594,0.0010035122930255895,1.0
SimpleHome_XCS7_1003_WHT_Security_Camera,1000,1,983,peer_scale_local_center,0.0,0.9876928187115043,0.9999941461782906,0.9997058381050594,0.0010035122930255895,1.0
SimpleHome_XCS7_1003_WHT_Security_Camera,1000,1,983,local_scale_local_center,0.0,0.9876928187115043,0.9975819200535206,0.8784884449005355,0.000669008195350393,0.0251
SimpleHome_XCS7_1003_WHT_Security_Camera,1000,1,983,shared_marginals,0.0,0.9876928187115043,0.9999983274795116,0.9999159537443028,0.0010035122930255895,1.0
