support_n,regime,method,median_ess_ratio,mean_ess_ratio,ratio_q10,ratio_q90,mean_local_weight,mean_true_ess,replications
30,homogeneous_match,local_lag1,2.607497087072166,2.9640771748818984,1.3171730507196622,5.0730549655882005,0.21700989385349748,5.319707396226021,6000
30,homogeneous_match,collaborative,1.2492027703985324,1.3198514689615297,0.9242860494440565,1.805960081160521,0.21700989385349748,5.319707396226021,6000
30,homogeneous_match,NW_2x,3.8015569141494563,4.022110333698547,2.260915086900854,5.994698865778946,0.21700989385349748,5.319707396226021,6000
30,homogeneous_match,nominal,5.666727387011276,5.879764233356469,4.489020727557906,7.52099921070311,0.21700989385349748,5.319707396226021,6000
30,heterogeneous_match,local_lag1,1.8382255119100988,2.3988867022387708,0.923576037661697,4.445125060257076,0.6902946456296976,11.832859325731988,6000
30,heterogeneous_match,collaborative,1.5564816656522855,2.0699997627317868,0.8012125320366293,3.9540948113925434,0.6902946456296976,11.832859325731988,6000
30,heterogeneous_match,NW_2x,2.1937912323762507,3.01337892391499,1.156194510085076,5.926681523373396,0.6902946456296976,11.832859325731988,6000
30,heterogeneous_match,nominal,2.835529415439591,4.267075736027424,1.3133425976845097,9.542831462110268,0.6902946456296976,11.832859325731988,6000
30,target_low_peer_high,local_lag1,1.2298565154116012,1.256463124787219,0.7319784980046571,1.8052836277138935,0.20785950178028717,24.5930868956016,6000
30,target_low_peer_high,collaborative,0.3032976328347876,0.3222315636252743,0.2323238670683841,0.4337368850724182,0.20785950178028717,24.5930868956016,6000
30,target_low_peer_high,NW_2x,1.1849229232304972,1.1387989273818826,0.8776884277531618,1.304618536197856,0.20785950178028717,24.5930868956016,6000
30,target_low_peer_high,nominal,1.2214297951090978,1.2244157345841697,1.1291961796165568,1.323609450675171,0.20785950178028717,24.5930868956016,6000
100,homogeneous_match,local_lag1,1.484528852008544,1.6003747833940118,0.8693717250906083,2.4805385985429687,0.4497506871474278,17.76282553280781,6000
100,homogeneous_match,collaborative,1.1999087902150756,1.2612329958316868,0.8890869812128739,1.7139255680104608,0.4497506871474278,17.76282553280781,6000
100,homogeneous_match,NW_2x,2.0754156529832963,2.266494263927875,1.3932187375931737,3.398774563915504,0.4497506871474278,17.76282553280781,6000
100,homogeneous_match,nominal,5.668530028054617,5.8672879947500025,4.490315348089574,7.46203636200562,0.4497506871474278,17.76282553280781,6000
100,heterogeneous_match,local_lag1,1.2573800621821578,1.4179395234581607,0.8159899846649052,2.2079680190044075,0.8729417946927651,39.409421757868415,6000
100,heterogeneous_match,collaborative,1.228929834928139,1.4304458768759905,0.8054688360602819,2.2965494081005837,0.8729417946927651,39.409421757868415,6000
100,heterogeneous_match,NW_2x,1.5681726398733868,1.8648223872821321,0.9898008087371247,3.162526981488741,0.8729417946927651,39.409421757868415,6000
100,heterogeneous_match,nominal,2.8513279183495355,4.282285750176371,1.3329364130795212,9.56187496418398,0.8729417946927651,39.409421757868415,6000
100,target_low_peer_high,local_lag1,1.0846880457723325,1.0906485141451254,0.78539243409279,1.4001620794388492,0.45240124193254966,81.87503489082798,6000
100,target_low_peer_high,collaborative,0.44902794865429074,0.47569394864808523,0.28711911212900787,0.7007597546679067,0.45240124193254966,81.87503489082798,6000
100,target_low_peer_high,NW_2x,1.1449555121452335,1.091499218462894,0.8077116887828234,1.2855732902403851,0.45240124193254966,81.87503489082798,6000
100,target_low_peer_high,nominal,1.2241587460093346,1.2259284113265392,1.1311666562402738,1.3215661910199974,0.45240124193254966,81.87503489082798,6000
300,homogeneous_match,local_lag1,1.1670908747169766,1.200698307181311,0.8086110516445892,1.6275788963713693,0.664903000244535,53.46067800117414,6000
300,homogeneous_match,collaborative,1.1117161323120048,1.14313042856633,0.8501252308424937,1.473643720422259,0.664903000244535,53.46067800117414,6000
300,homogeneous_match,NW_2x,1.564404057848294,1.627647555180306,1.1670891411369089,2.15938053844335,0.664903000244535,53.46067800117414,6000
300,homogeneous_match,nominal,5.657831187536756,5.854052394691549,4.4532547579030455,7.475337648945086,0.664903000244535,53.46067800117414,6000
300,heterogeneous_match,local_lag1,1.0847874522740926,1.1386165698004862,0.8140285553584704,1.5103600571503746,0.9502182303464698,119.83150341425716,6000
300,heterogeneous_match,collaborative,1.0792533071424022,1.1477227467263074,0.82111247212202,1.5528477415668622,0.9502182303464698,119.83150341425716,6000
300,heterogeneous_match,NW_2x,1.3096868451963486,1.4380274724768007,0.9324102392576317,2.129532310852682,0.9502182303464698,119.83150341425716,6000
300,heterogeneous_match,nominal,2.742740969432391,4.200385898566571,1.3094903674445937,9.612514610650388,0.9502182303464698,119.83150341425716,6000
300,target_low_peer_high,local_lag1,1.0267533612340038,1.0295853193888842,0.8474996226926144,1.2128885055382397,0.6855542001149152,245.892631056658,6000
300,target_low_peer_high,collaborative,0.6733004377281049,0.6618174049250061,0.3890974469549361,0.8948307692833052,0.6855542001149152,245.892631056658,6000
300,target_low_peer_high,NW_2x,1.0855358800171795,1.0631069425973145,0.8364661265111265,1.2509201115884325,0.6855542001149152,245.892631056658,6000
300,target_low_peer_high,nominal,1.2232436222067713,1.2245334046739063,1.1304152669383676,1.3213194307630278,0.6855542001149152,245.892631056658,6000
1000,homogeneous_match,local_lag1,1.058129625897809,1.065089145219476,0.8377791696882597,1.3003375813308382,0.8414284775016196,177.11981922138068,6000
1000,homogeneous_match,collaborative,1.0517189562259783,1.0618992173644606,0.8539179959665907,1.275703819512561,0.8414284775016196,177.11981922138068,6000
1000,homogeneous_match,NW_2x,1.359442329335024,1.3781042045625385,1.1053527366089415,1.6731600344478985,0.8414284775016196,177.11981922138068,6000
1000,homogeneous_match,nominal,5.694067059934826,5.885483306052995,4.494516006096547,7.499061326195606,0.8414284775016196,177.11981922138068,6000
1000,heterogeneous_match,local_lag1,1.02888433555076,1.0399918334914429,0.8643509158421658,1.2240558737433702,0.9800809154185093,399.0635152583568,6000
1000,heterogeneous_match,collaborative,1.0293028416841241,1.0453262479955905,0.8669984087412014,1.2390971050178836,0.9800809154185093,399.0635152583568,6000
1000,heterogeneous_match,NW_2x,1.190311891227289,1.2643663086533967,0.9436533321535444,1.7015752445239176,0.9800809154185093,399.0635152583568,6000
1000,heterogeneous_match,nominal,2.796586020424984,4.24368105322003,1.3025773202198727,9.646281296708151,0.9800809154185093,399.0635152583568,6000
1000,target_low_peer_high,local_lag1,1.0109902856637953,1.0113039876095937,0.9068564624858222,1.114639361991284,0.8454933595777813,818.7502497855431,6000
1000,target_low_peer_high,collaborative,0.8504358629232807,0.8190425859077756,0.6087057305603147,0.9883500431241083,0.8454933595777813,818.7502497855431,6000
1000,target_low_peer_high,NW_2x,1.0454566851672877,1.0413175234739307,0.8821248754742449,1.1950999499140627,0.8454933595777813,818.7502497855431,6000
1000,target_low_peer_high,nominal,1.2242853055839087,1.2257039811020356,1.1349436479958432,1.3204925151055469,0.8454933595777813,818.7502497855431,6000
