device,support_n,replicate,offset,method,auroc,spauc01,fpr,tpr,covariance_ess
Danmini_Doorbell,30,0,3066,oas_nominal,0.99971524,0.9856904522613066,0.0816,1.0,29.0
Danmini_Doorbell,30,0,3066,oas_covariance_ess,0.9997161999999999,0.9857386934673367,0.0832,1.0,29.0
Danmini_Doorbell,30,0,3066,shared_marginals,0.9996377599999999,0.9817969849246231,0.0934,1.0,29.0
Danmini_Doorbell,30,1,10169,oas_nominal,0.99907996,0.9537668341708543,0.0492,1.0,29.0
Danmini_Doorbell,30,1,10169,oas_covariance_ess,0.99907984,0.9537608040201004,0.05,1.0,29.0
Danmini_Doorbell,30,1,10169,shared_marginals,0.9991022,0.9548844221105528,0.087,1.0,29.0
Danmini_Doorbell,30,2,13306,oas_nominal,0.9992095599999999,0.9602793969849246,0.303,1.0,29.0
Danmini_Doorbell,30,2,13306,oas_covariance_ess,0.99920992,0.9602974874371859,0.3132,1.0,29.0
Danmini_Doorbell,30,2,13306,shared_marginals,0.9992416399999999,0.9618914572864321,0.4022,1.0,29.0
Danmini_Doorbell,30,3,27615,oas_nominal,0.99947524,0.9736301507537688,0.141,1.0,24.739093117423373
Danmini_Doorbell,30,3,27615,oas_covariance_ess,0.99947272,0.9735035175879397,0.133,1.0,24.739093117423373
Danmini_Doorbell,30,3,27615,shared_marginals,0.9995086799999999,0.9753105527638191,0.17,1.0,24.739093117423373
Danmini_Doorbell,30,4,18659,oas_nominal,0.9991878,0.9591859296482412,0.1586,1.0,29.0
Danmini_Doorbell,30,4,18659,oas_covariance_ess,0.99919044,0.9593185929648242,0.1676,1.0,29.0
Danmini_Doorbell,30,4,18659,shared_marginals,0.99900312,0.9499055276381909,0.1614,1.0,29.0
Danmini_Doorbell,30,5,31107,oas_nominal,0.9995113600000001,0.9754452261306532,0.9208,1.0,28.715895574366307
Danmini_Doorbell,30,5,31107,oas_covariance_ess,0.99951124,0.9754391959798996,0.9242,1.0,28.715895574366307
Danmini_Doorbell,30,5,31107,shared_marginals,0.9995103200000001,0.9753929648241206,0.8878,1.0,28.715895574366307
Danmini_Doorbell,30,6,9331,oas_nominal,0.99929184,0.9644140703517587,0.0816,1.0,29.0
Danmini_Doorbell,30,6,9331,oas_covariance_ess,0.9992920000000001,0.964422110552764,0.0828,1.0,29.0
Danmini_Doorbell,30,6,9331,shared_marginals,0.99934616,0.9671437185929648,0.091,1.0,29.0
Danmini_Doorbell,30,7,30718,oas_nominal,0.99967476,0.9836562814070352,0.1204,1.0,29.0
Danmini_Doorbell,30,7,30718,oas_covariance_ess,0.9996750400000001,0.983670351758794,0.124,1.0,29.0
Danmini_Doorbell,30,7,30718,shared_marginals,0.99965376,0.9826010050251257,0.1562,1.0,29.0
Danmini_Doorbell,100,0,17212,oas_nominal,0.999486,0.9741708542713569,0.056,1.0,99.0
Danmini_Doorbell,100,0,17212,oas_covariance_ess,0.99948616,0.9741788944723618,0.0562,1.0,99.0
Danmini_Doorbell,100,0,17212,shared_marginals,0.9993812,0.9689045226130654,0.0596,1.0,99.0
Danmini_Doorbell,100,1,15458,oas_nominal,0.9991082,0.9551859296482412,0.1618,1.0,63.31763981105123
Danmini_Doorbell,100,1,15458,oas_covariance_ess,0.9991019600000001,0.9548723618090451,0.147,1.0,63.31763981105123
Danmini_Doorbell,100,1,15458,shared_marginals,0.99908084,0.9538110552763819,0.1598,1.0,63.31763981105123
Danmini_Doorbell,100,2,8066,oas_nominal,0.99919084,0.9593386934673367,0.1586,1.0,93.57397703956845
Danmini_Doorbell,100,2,8066,oas_covariance_ess,0.99919056,0.9593246231155779,0.1574,1.0,93.57397703956845
Danmini_Doorbell,100,2,8066,shared_marginals,0.99917904,0.958745728643216,0.1544,1.0,93.57397703956845
Danmini_Doorbell,100,3,10873,oas_nominal,0.99969756,0.9848020100502513,0.0468,1.0,82.9452051782106
Danmini_Doorbell,100,3,10873,oas_covariance_ess,0.99970248,0.9850492462311558,0.0598,1.0,82.9452051782106
Danmini_Doorbell,100,3,10873,shared_marginals,0.99971256,0.9855557788944722,0.0526,1.0,82.9452051782106
Danmini_Doorbell,100,4,5999,oas_nominal,0.998425,0.9208884422110553,0.0286,1.0,99.0
Danmini_Doorbell,100,4,5999,oas_covariance_ess,0.99842504,0.9208904522613066,0.0288,1.0,99.0
Danmini_Doorbell,100,4,5999,shared_marginals,0.9984944400000001,0.9243698492462311,0.0308,1.0,99.0
Danmini_Doorbell,100,5,22149,oas_nominal,0.9992311199999999,0.9613628140703516,0.0358,1.0,91.33949251434606
Danmini_Doorbell,100,5,22149,oas_covariance_ess,0.9992359599999999,0.9616060301507537,0.0346,1.0,91.33949251434606
Danmini_Doorbell,100,5,22149,shared_marginals,0.99914004,0.9567859296482413,0.047,1.0,91.33949251434606
Danmini_Doorbell,100,6,9494,oas_nominal,0.9984350399999999,0.9213587939698493,0.1986,1.0,97.91642660441094
Danmini_Doorbell,100,6,9494,oas_covariance_ess,0.99843028,0.9211195979899498,0.1982,1.0,97.91642660441094
Danmini_Doorbell,100,6,9494,shared_marginals,0.9984488,0.9220502512562814,0.1862,1.0,97.91642660441094
Danmini_Doorbell,100,7,12692,oas_nominal,0.99899536,0.9495155778894473,0.058,1.0,86.68441664509997
Danmini_Doorbell,100,7,12692,oas_covariance_ess,0.9990123599999999,0.9503698492462311,0.0538,1.0,86.68441664509997
Danmini_Doorbell,100,7,12692,shared_marginals,0.99910328,0.9549386934673367,0.0538,1.0,86.68441664509997
Danmini_Doorbell,300,0,6190,oas_nominal,0.9995514799999999,0.9774613065326633,0.0632,1.0,225.7301489739659
Danmini_Doorbell,300,0,6190,oas_covariance_ess,0.9996037600000001,0.9800884422110552,0.0582,1.0,225.7301489739659
Danmini_Doorbell,300,0,6190,shared_marginals,0.999584,0.9790954773869346,0.0738,1.0,225.7301489739659
Danmini_Doorbell,300,1,15853,oas_nominal,0.9991724799999999,0.9584160804020101,0.1056,1.0,240.84631128091928
Danmini_Doorbell,300,1,15853,oas_covariance_ess,0.9992958399999999,0.9646150753768845,0.1056,1.0,240.84631128091928
Danmini_Doorbell,300,1,15853,shared_marginals,0.99919864,0.9597306532663317,0.1172,1.0,240.84631128091928
Danmini_Doorbell,300,2,25007,oas_nominal,0.9905043600000001,0.865481407035176,0.0212,0.7918,137.1555706560459
Danmini_Doorbell,300,2,25007,oas_covariance_ess,0.9923004000000001,0.8726311557788945,0.0082,0.7806,137.1555706560459
Danmini_Doorbell,300,2,25007,shared_marginals,0.99181524,0.8715396984924624,0.0422,1.0,137.1555706560459
Danmini_Doorbell,300,3,18406,oas_nominal,0.9994380399999999,0.9717608040201005,0.0674,1.0,215.83860817192937
Danmini_Doorbell,300,3,18406,oas_covariance_ess,0.9994602,0.9728743718592965,0.0678,1.0,215.83860817192937
Danmini_Doorbell,300,3,18406,shared_marginals,0.9995489999999999,0.9773366834170854,0.0716,1.0,215.83860817192937
Danmini_Doorbell,300,4,4485,oas_nominal,0.9991393199999999,0.9567497487437185,0.093,1.0,280.17547460956035
Danmini_Doorbell,300,4,4485,oas_covariance_ess,0.99914372,0.9569708542713569,0.1006,1.0,280.17547460956035
Danmini_Doorbell,300,4,4485,shared_marginals,0.9989127600000001,0.945364824120603,0.097,1.0,280.17547460956035
Danmini_Doorbell,300,5,3811,oas_nominal,0.9992758399999999,0.9636100502512562,0.1148,1.0,229.62775084006213
Danmini_Doorbell,300,5,3811,oas_covariance_ess,0.9992766,0.9636482412060302,0.1112,1.0,229.62775084006213
Danmini_Doorbell,300,5,3811,shared_marginals,0.9992112799999999,0.9603658291457287,0.1232,1.0,229.62775084006213
Danmini_Doorbell,300,6,12004,oas_nominal,0.99824828,0.9119738693467336,0.0,0.4586,69.35428626712104
Danmini_Doorbell,300,6,12004,oas_covariance_ess,0.99834572,0.9168703517587939,0.0,0.4486,69.35428626712104
Danmini_Doorbell,300,6,12004,shared_marginals,0.99837316,0.9182492462311558,0.0002,0.7818,69.35428626712104
Danmini_Doorbell,300,7,32732,oas_nominal,0.99820536,0.9099417085427135,0.1282,1.0,271.4246520087906
Danmini_Doorbell,300,7,32732,oas_covariance_ess,0.9982198800000001,0.9106512562814071,0.1342,1.0,271.4246520087906
Danmini_Doorbell,300,7,32732,shared_marginals,0.9985596800000001,0.9276221105527638,0.126,1.0,271.4246520087906
Danmini_Doorbell,1000,0,21068,oas_nominal,0.9985449200000001,0.9269788944723618,0.081,1.0,726.9502402308409
Danmini_Doorbell,1000,0,21068,oas_covariance_ess,0.9988286799999999,0.9411396984924623,0.0816,1.0,726.9502402308409
Danmini_Doorbell,1000,0,21068,shared_marginals,0.9993012,0.9648844221105527,0.0918,1.0,726.9502402308409
Danmini_Doorbell,1000,1,21225,oas_nominal,0.99835016,0.9171336683417086,0.0768,1.0,742.237958635963
Danmini_Doorbell,1000,1,21225,oas_covariance_ess,0.99849304,0.9242934673366834,0.0768,1.0,742.237958635963
Danmini_Doorbell,1000,1,21225,shared_marginals,0.99908128,0.9538331658291457,0.078,1.0,742.237958635963
Danmini_Doorbell,1000,2,2976,oas_nominal,0.99901996,0.9507517587939699,0.095,1.0,838.3795361042912
Danmini_Doorbell,1000,2,2976,oas_covariance_ess,0.99908028,0.9537829145728642,0.0972,1.0,838.3795361042912
Danmini_Doorbell,1000,2,2976,shared_marginals,0.9992572399999999,0.9626753768844221,0.1018,1.0,838.3795361042912
Danmini_Doorbell,1000,3,8874,oas_nominal,0.99912988,0.9563095477386936,0.165,1.0,855.1006717943409
Danmini_Doorbell,1000,3,8874,oas_covariance_ess,0.99903044,0.9513125628140704,0.167,1.0,855.1006717943409
Danmini_Doorbell,1000,3,8874,shared_marginals,0.9986168,0.9304924623115578,0.1624,1.0,855.1006717943409
Danmini_Doorbell,1000,4,21480,oas_nominal,0.9987909199999999,0.9392422110552764,0.098,1.0,729.0188816375627
Danmini_Doorbell,1000,4,21480,oas_covariance_ess,0.99897296,0.9483899497487438,0.1018,1.0,729.0188816375627
Danmini_Doorbell,1000,4,21480,shared_marginals,0.99944456,0.9720884422110552,0.1018,1.0,729.0188816375627
Danmini_Doorbell,1000,5,22470,oas_nominal,0.99949052,0.9743979899497487,0.1252,1.0,736.7307469281169
Danmini_Doorbell,1000,5,22470,oas_covariance_ess,0.99946504,0.9731175879396985,0.1286,1.0,736.7307469281169
Danmini_Doorbell,1000,5,22470,shared_marginals,0.9994187600000001,0.9707919597989949,0.1268,1.0,736.7307469281169
Danmini_Doorbell,1000,6,23835,oas_nominal,0.99947384,0.9735597989949749,0.0752,1.0,803.7118989190903
Danmini_Doorbell,1000,6,23835,oas_covariance_ess,0.9994514,0.9724321608040201,0.0756,1.0,803.7118989190903
Danmini_Doorbell,1000,6,23835,shared_marginals,0.9995596,0.9778693467336683,0.0776,1.0,803.7118989190903
Danmini_Doorbell,1000,7,23783,oas_nominal,0.99894576,0.9470532663316583,0.0752,1.0,814.4337988226064
Danmini_Doorbell,1000,7,23783,oas_covariance_ess,0.99898,0.9487658291457286,0.076,1.0,814.4337988226064
Danmini_Doorbell,1000,7,23783,shared_marginals,0.99918768,0.9591798994974874,0.0798,1.0,814.4337988226064
Ecobee_Thermostat,30,0,5755,oas_nominal,0.9998681766186228,0.9933757094785297,0.05101807366735301,1.0,29.0
Ecobee_Thermostat,30,0,5755,oas_covariance_ess,0.9998681766186228,0.9933757094785297,0.053763440860215055,1.0,29.0
Ecobee_Thermostat,30,0,5755,shared_marginals,0.9998329444063143,0.9916052465484595,0.05948295584534431,1.0,29.0
Ecobee_Thermostat,30,1,3731,oas_nominal,0.9998657057881492,0.9932515471431741,0.008693662777396477,1.0,29.0
Ecobee_Thermostat,30,1,3731,oas_covariance_ess,0.9998657057881492,0.9932515471431741,0.009380004575611988,1.0,29.0
Ecobee_Thermostat,30,1,3731,shared_marginals,0.9998565088080531,0.9927893873393505,0.011896591169068863,1.0,29.0
Ecobee_Thermostat,30,2,4982,oas_nominal,0.9998605353466027,0.99299172595993,0.0038892701898878973,1.0,29.0
Ecobee_Thermostat,30,2,4982,oas_covariance_ess,0.9998605353466027,0.99299172595993,0.0038892701898878973,1.0,29.0
Ecobee_Thermostat,30,2,4982,shared_marginals,0.9997636238846946,0.9881218032509838,0.004346831388698238,1.0,29.0
Ecobee_Thermostat,30,3,7619,oas_nominal,0.99985769846717,0.9928491692045218,0.017387325554792953,1.0,29.0
Ecobee_Thermostat,30,3,7619,oas_covariance_ess,0.99985769846717,0.9928491692045218,0.018531228551818806,1.0,29.0
Ecobee_Thermostat,30,3,7619,shared_marginals,0.9998315717227179,0.991536267473262,0.021505376344086023,1.0,29.0
Ecobee_Thermostat,30,4,7515,oas_nominal,0.9998603065660032,0.9929802294473971,0.055364905056051246,1.0,29.0
Ecobee_Thermostat,30,4,7515,oas_covariance_ess,0.9998603065660032,0.9929802294473971,0.05811027224891329,1.0,29.0
Ecobee_Thermostat,30,4,7515,shared_marginals,0.9998353237245482,0.9917248102788019,0.06703271562571494,1.0,29.0
Ecobee_Thermostat,30,5,6994,oas_nominal,0.9998650652024709,0.9932193569080819,0.0011439029970258523,1.0,29.0
Ecobee_Thermostat,30,5,6994,oas_covariance_ess,0.9998650652024709,0.9932193569080819,0.0011439029970258523,1.0,29.0
Ecobee_Thermostat,30,5,6994,shared_marginals,0.9998551361244565,0.992720408264153,0.0011439029970258523,1.0,29.0
Ecobee_Thermostat,30,6,4950,oas_nominal,0.999814230153283,0.9906648318232664,0.0340883093113704,1.0,29.0
Ecobee_Thermostat,30,6,4950,oas_covariance_ess,0.999814230153283,0.9906648318232664,0.036604895904827274,1.0,29.0
Ecobee_Thermostat,30,6,4950,shared_marginals,0.9997670555936856,0.9882942509389777,0.04461221688400824,1.0,29.0
Ecobee_Thermostat,30,7,3835,oas_nominal,0.999865751544269,0.9932538464456806,0.03088538091969801,1.0,29.0
Ecobee_Thermostat,30,7,3835,oas_covariance_ess,0.9998657057881492,0.9932515471431741,0.03202928391672386,1.0,29.0
Ecobee_Thermostat,30,7,3835,shared_marginals,0.9998206817661863,0.9909890334766949,0.03385952871196522,1.0,29.0
Ecobee_Thermostat,100,0,8129,oas_nominal,0.9998662548615878,0.9932791387732531,0.0642873484328529,1.0,99.0
Ecobee_Thermostat,100,0,8129,oas_covariance_ess,0.9998662548615878,0.9932791387732531,0.0649736902310684,1.0,99.0
Ecobee_Thermostat,100,0,8129,shared_marginals,0.9998618622740791,0.993058405732621,0.06840539922214596,1.0,99.0
Ecobee_Thermostat,100,1,7591,oas_nominal,0.9998567833447723,0.9928031831543902,0.07458247540608556,1.0,99.0
Ecobee_Thermostat,100,1,7591,oas_covariance_ess,0.9998567833447722,0.9928031831543902,0.0750400366048959,1.0,99.0
Ecobee_Thermostat,100,1,7591,shared_marginals,0.9998524822695035,0.9925870487187711,0.0789293067947838,1.0,99.0
Ecobee_Thermostat,100,2,1597,oas_nominal,0.999821139327385,0.9910120265017606,0.08144589338824068,1.0,99.0
Ecobee_Thermostat,100,2,1597,oas_covariance_ess,0.999821139327385,0.9910120265017606,0.08144589338824068,1.0,99.0
Ecobee_Thermostat,100,2,1597,shared_marginals,0.9998172500571951,0.990816585788701,0.07687028140013727,1.0,99.0
Ecobee_Thermostat,100,3,4537,oas_nominal,0.9998612674445208,0.9930285148000354,0.0812171127888355,1.0,99.0
Ecobee_Thermostat,100,3,4537,oas_covariance_ess,0.9998612674445208,0.9930285148000354,0.08213223518645618,1.0,99.0
Ecobee_Thermostat,100,3,4537,shared_marginals,0.9998571036376116,0.9928192782719362,0.09585907115076642,1.0,99.0
Ecobee_Thermostat,100,4,995,oas_nominal,0.9998608556394418,0.9930078210774762,0.035232212308396245,1.0,99.0
Ecobee_Thermostat,100,4,995,oas_covariance_ess,0.9998608556394418,0.9930078210774762,0.03591855410661176,1.0,99.0
Ecobee_Thermostat,100,4,995,shared_marginals,0.9998593456874857,0.9929319440947588,0.03957904369709449,1.0,99.0
Ecobee_Thermostat,100,5,278,oas_nominal,0.9998603065660032,0.9929802294473971,0.06840539922214596,1.0,99.0
Ecobee_Thermostat,100,5,278,oas_covariance_ess,0.9998603065660032,0.9929802294473971,0.0688629604209563,1.0,99.0
Ecobee_Thermostat,100,5,278,shared_marginals,0.9998581560283688,0.9928721622295875,0.08533516357812858,1.0,99.0
Ecobee_Thermostat,100,6,2813,oas_nominal,0.9998562342713339,0.992775591524311,0.04918782887211164,1.0,99.0
Ecobee_Thermostat,100,6,2813,oas_covariance_ess,0.9998562342713339,0.992775591524311,0.04964539007092199,1.0,99.0
Ecobee_Thermostat,100,6,2813,shared_marginals,0.9998524365133837,0.9925847494162645,0.05216197666437886,1.0,99.0
Ecobee_Thermostat,100,7,199,oas_nominal,0.9998616792495997,0.9930492085225946,0.11484786090139557,1.0,99.0
Ecobee_Thermostat,100,7,199,oas_covariance_ess,0.9998616792495997,0.9930492085225946,0.11667810569663692,1.0,99.0
Ecobee_Thermostat,100,7,199,shared_marginals,0.9998603523221231,0.9929825287499037,0.10729810112102493,1.0,99.0
Ecobee_Thermostat,300,0,3667,oas_nominal,0.999736948066804,0.986781309889645,0.018988789750629148,1.0,299.0
Ecobee_Thermostat,300,0,3667,oas_covariance_ess,0.9997369480668039,0.986781309889645,0.018988789750629148,1.0,299.0
Ecobee_Thermostat,300,0,3667,shared_marginals,0.999779638526653,0.9889265591282884,0.02081903454587051,1.0,299.0
Ecobee_Thermostat,300,1,595,oas_nominal,0.9997691603752002,0.9884000188542805,0.06108442004118051,1.0,299.0
Ecobee_Thermostat,300,1,595,oas_covariance_ess,0.9997691603752002,0.9884000188542805,0.06108442004118051,1.0,299.0
Ecobee_Thermostat,300,1,595,shared_marginals,0.9998140471288035,0.99065563461324,0.06154198123999085,1.0,299.0
Ecobee_Thermostat,300,2,530,oas_nominal,0.9998214596202242,0.9910281216193068,0.04095172729352551,1.0,299.0
Ecobee_Thermostat,300,2,530,oas_covariance_ess,0.9998214596202243,0.9910281216193068,0.04118050789293068,1.0,299.0
Ecobee_Thermostat,300,2,530,shared_marginals,0.9998650652024709,0.9932193569080818,0.03935026309768932,1.0,299.0
Ecobee_Thermostat,300,3,7578,oas_nominal,0.9997768474033403,0.9887863016753867,0.03225806451612903,1.0,299.0
Ecobee_Thermostat,300,3,7578,oas_covariance_ess,0.9997768474033403,0.9887863016753867,0.03225806451612903,1.0,299.0
Ecobee_Thermostat,300,3,7578,shared_marginals,0.9998652939830702,0.9932308534206149,0.030427819720887667,1.0,299.0
Ecobee_Thermostat,300,4,5490,oas_nominal,0.9998097918096546,0.9904417994801277,0.13200640585678333,1.0,299.0
Ecobee_Thermostat,300,4,5490,oas_covariance_ess,0.9998097918096546,0.9904417994801277,0.13246396705559368,1.0,299.0
Ecobee_Thermostat,300,4,5490,shared_marginals,0.9998560512468542,0.9927663943142848,0.13315030885380919,1.0,299.0
Ecobee_Thermostat,300,5,1487,oas_nominal,0.9998134065431252,0.9906234443781479,0.09860443834362846,1.0,299.0
Ecobee_Thermostat,300,5,1487,oas_covariance_ess,0.9998134065431252,0.9906234443781479,0.09860443834362846,1.0,299.0
Ecobee_Thermostat,300,5,1487,shared_marginals,0.9998589796385267,0.9929135496747061,0.0967741935483871,1.0,299.0
Ecobee_Thermostat,300,6,195,oas_nominal,0.9998656142759095,0.993246948538161,0.04598490048043926,1.0,299.0
Ecobee_Thermostat,300,6,195,oas_covariance_ess,0.9998656142759095,0.993246948538161,0.04598490048043926,1.0,299.0
Ecobee_Thermostat,300,6,195,shared_marginals,0.9998646991535117,0.9932009624880292,0.04964539007092199,1.0,299.0
Ecobee_Thermostat,300,7,1762,oas_nominal,0.9998146877144818,0.9906878248483322,0.10844200411805079,1.0,299.0
Ecobee_Thermostat,300,7,1762,oas_covariance_ess,0.9998146877144818,0.9906878248483322,0.10889956531686112,1.0,299.0
Ecobee_Thermostat,300,7,1762,shared_marginals,0.9998136810798444,0.9906372401931873,0.10706932052161977,1.0,299.0
Ecobee_Thermostat,1000,0,5484,oas_nominal,0.9820148707389613,0.8986589777990847,0.0,0.7696,145.44009005296044
Ecobee_Thermostat,1000,0,5484,oas_covariance_ess,0.9879207504003661,0.8986911680341768,0.0,0.4046,145.44009005296044
Ecobee_Thermostat,1000,0,5484,shared_marginals,0.9822443834362846,0.8986382840765255,0.0,0.604,145.44009005296044
Ecobee_Thermostat,1000,1,3516,oas_nominal,0.9996046671242278,0.9801340263431088,0.05147563486616335,1.0,999.0
Ecobee_Thermostat,1000,1,3516,oas_covariance_ess,0.9996046671242278,0.9801340263431088,0.05147563486616335,1.0,999.0
Ecobee_Thermostat,1000,1,3516,shared_marginals,0.999604209563029,0.980111033318043,0.05124685426675818,1.0,999.0
Ecobee_Thermostat,1000,2,1477,oas_nominal,0.9994050789293069,0.9701044688093867,0.09883321894303362,1.0,999.0
Ecobee_Thermostat,1000,2,1477,oas_covariance_ess,0.9994050789293069,0.9701044688093867,0.09883321894303362,1.0,999.0
Ecobee_Thermostat,1000,2,1477,shared_marginals,0.9994501944635095,0.9723715810808791,0.09883321894303362,1.0,999.0
Ecobee_Thermostat,1000,3,6583,oas_nominal,0.9994537176847405,0.9725486273738861,0.005948295584534431,1.0,872.5588088118031
Ecobee_Thermostat,1000,3,6583,oas_covariance_ess,0.9995902081903455,0.9794074467510281,0.005719514985129261,1.0,872.5588088118031
Ecobee_Thermostat,1000,3,6583,shared_marginals,0.9997266071837109,0.9862616675231569,0.006405856783344772,1.0,872.5588088118031
Ecobee_Thermostat,1000,4,263,oas_nominal,0.9994579730038893,0.9727624625069985,0.03225806451612903,1.0,999.0
Ecobee_Thermostat,1000,4,263,oas_covariance_ess,0.9994579730038892,0.9727624625069985,0.03225806451612903,1.0,999.0
Ecobee_Thermostat,1000,4,263,shared_marginals,0.9995031800503317,0.9750341733835042,0.0340883093113704,1.0,999.0
Ecobee_Thermostat,1000,5,7124,oas_nominal,0.9994091512239761,0.9703091067324727,0.07137954701441318,1.0,999.0
Ecobee_Thermostat,1000,5,7124,oas_covariance_ess,0.9994091512239761,0.9703091067324727,0.07137954701441318,1.0,999.0
Ecobee_Thermostat,1000,5,7124,shared_marginals,0.9995001143902996,0.974880120115563,0.071150766415008,1.0,999.0
Ecobee_Thermostat,1000,6,5062,oas_nominal,0.9994048959048273,0.9700952715993604,0.11461908030199039,1.0,999.0
Ecobee_Thermostat,1000,6,5062,oas_covariance_ess,0.9994048959048272,0.9700952715993604,0.11461908030199039,1.0,999.0
Ecobee_Thermostat,1000,6,5062,shared_marginals,0.9994507435369482,0.9723991727109581,0.11667810569663692,1.0,999.0
Ecobee_Thermostat,1000,7,816,oas_nominal,0.9993616563715397,0.9679224307306378,0.07000686341798215,1.0,999.0
Ecobee_Thermostat,1000,7,816,oas_covariance_ess,0.9993616563715397,0.9679224307306378,0.07000686341798215,1.0,999.0
Ecobee_Thermostat,1000,7,816,shared_marginals,0.9994105696636926,0.9703803851101768,0.0720658888126287,1.0,999.0
Ennio_Doorbell,30,0,2789,oas_nominal,0.9990441600000001,0.9519678391959799,0.161,1.0,29.0
Ennio_Doorbell,30,0,2789,oas_covariance_ess,0.9990441200000001,0.9519658291457287,0.1616,1.0,29.0
Ennio_Doorbell,30,0,2789,shared_marginals,0.9990384800000001,0.9516824120603015,0.0966,1.0,29.0
Ennio_Doorbell,30,1,5452,oas_nominal,0.99935712,0.967694472361809,0.0152,1.0,29.0
Ennio_Doorbell,30,1,5452,oas_covariance_ess,0.9993571600000001,0.9676964824120603,0.0164,1.0,29.0
Ennio_Doorbell,30,1,5452,shared_marginals,0.9992768799999999,0.9636623115577889,0.0174,1.0,29.0
Ennio_Doorbell,30,2,773,oas_nominal,0.9991823599999999,0.9589125628140704,0.0044,0.9994,13.524862607566876
Ennio_Doorbell,30,2,773,oas_covariance_ess,0.999174,0.9584924623115578,0.0,0.5886,13.524862607566876
Ennio_Doorbell,30,2,773,shared_marginals,0.99917144,0.9583638190954773,0.02,1.0,13.524862607566876
Ennio_Doorbell,30,3,11275,oas_nominal,0.99890468,0.9449587939698494,0.0036,0.9974,15.55150393677422
Ennio_Doorbell,30,3,11275,oas_covariance_ess,0.99891292,0.9453728643216082,0.0012,0.5802,15.55150393677422
Ennio_Doorbell,30,3,11275,shared_marginals,0.9994004799999999,0.9698733668341708,0.027,1.0,15.55150393677422
Ennio_Doorbell,30,4,25151,oas_nominal,0.94362488,0.5901668341708542,0.008,0.473,29.0
Ennio_Doorbell,30,4,25151,oas_covariance_ess,0.9445762,0.590243216080402,0.0214,0.8458,29.0
Ennio_Doorbell,30,4,25151,shared_marginals,0.9997088,0.9853829145728644,0.809,1.0,29.0
Ennio_Doorbell,30,5,19067,oas_nominal,0.9991922,0.9594070351758794,0.0128,1.0,14.764202587769034
Ennio_Doorbell,30,5,19067,oas_covariance_ess,0.99919912,0.9597547738693467,0.0132,1.0,14.764202587769034
Ennio_Doorbell,30,5,19067,shared_marginals,0.99943104,0.9714090452261306,0.025,1.0,14.764202587769034
Ennio_Doorbell,30,6,516,oas_nominal,0.99927152,0.9633929648241206,0.0208,1.0,15.527631329913405
Ennio_Doorbell,30,6,516,oas_covariance_ess,0.9992728799999999,0.9634613065326634,0.0116,1.0,15.527631329913405
Ennio_Doorbell,30,6,516,shared_marginals,0.99935356,0.9675155778894473,0.0292,1.0,15.527631329913405
Ennio_Doorbell,30,7,21556,oas_nominal,0.99915892,0.9577346733668342,0.0068,1.0,15.364471297569436
Ennio_Doorbell,30,7,21556,oas_covariance_ess,0.99916612,0.9580964824120604,0.0026,0.9966,15.364471297569436
Ennio_Doorbell,30,7,21556,shared_marginals,0.99932536,0.9660984924623115,0.0198,1.0,15.364471297569436
Ennio_Doorbell,100,0,20253,oas_nominal,0.99882788,0.9410994974874372,0.414,1.0,49.984506629128106
Ennio_Doorbell,100,0,20253,oas_covariance_ess,0.99916224,0.9579015075376884,0.3314,1.0,49.984506629128106
Ennio_Doorbell,100,0,20253,shared_marginals,0.99932048,0.9658532663316584,0.3908,1.0,49.984506629128106
Ennio_Doorbell,100,1,14139,oas_nominal,0.9995878,0.979286432160804,0.1554,1.0,44.611457575942694
Ennio_Doorbell,100,1,14139,oas_covariance_ess,0.9995896,0.9793768844221106,0.1508,1.0,44.611457575942694
Ennio_Doorbell,100,1,14139,shared_marginals,0.99966948,0.9833909547738694,0.1626,1.0,44.611457575942694
Ennio_Doorbell,100,2,25423,oas_nominal,0.99996328,0.9981547738693468,0.0808,1.0,54.699994356193635
Ennio_Doorbell,100,2,25423,oas_covariance_ess,0.99996596,0.9982894472361808,0.0814,1.0,54.699994356193635
Ennio_Doorbell,100,2,25423,shared_marginals,0.99979624,0.9897608040201005,0.0762,1.0,54.699994356193635
Ennio_Doorbell,100,3,19487,oas_nominal,0.99924936,0.9622793969849246,0.0586,1.0,47.53612008131603
Ennio_Doorbell,100,3,19487,oas_covariance_ess,0.99925656,0.9626412060301508,0.0612,1.0,47.53612008131603
Ennio_Doorbell,100,3,19487,shared_marginals,0.9994946,0.9746030150753768,0.0654,1.0,47.53612008131603
Ennio_Doorbell,100,4,10648,oas_nominal,0.99888544,0.943991959798995,0.0594,1.0,99.0
Ennio_Doorbell,100,4,10648,oas_covariance_ess,0.99888544,0.943991959798995,0.0594,1.0,99.0
Ennio_Doorbell,100,4,10648,shared_marginals,0.9990358,0.9515477386934673,0.065,1.0,99.0
Ennio_Doorbell,100,5,20808,oas_nominal,0.9970182799999999,0.8501788944723618,0.0258,1.0,43.21736063467031
Ennio_Doorbell,100,5,20808,oas_covariance_ess,0.99720456,0.8595256281407035,0.0252,1.0,43.21736063467031
Ennio_Doorbell,100,5,20808,shared_marginals,0.99728616,0.8636281407035176,0.0426,1.0,43.21736063467031
Ennio_Doorbell,100,6,24509,oas_nominal,0.9990808,0.9538090452261306,0.005,1.0,17.730269561737853
Ennio_Doorbell,100,6,24509,oas_covariance_ess,0.9990872399999999,0.954132663316583,0.0032,0.9998,17.730269561737853
Ennio_Doorbell,100,6,24509,shared_marginals,0.99907896,0.9537165829145728,0.007,1.0,17.730269561737853
Ennio_Doorbell,100,7,8753,oas_nominal,0.99911332,0.955443216080402,0.0364,1.0,99.0
Ennio_Doorbell,100,7,8753,oas_covariance_ess,0.99911332,0.955443216080402,0.0366,1.0,99.0
Ennio_Doorbell,100,7,8753,shared_marginals,0.9991106399999999,0.9553085427135678,0.0564,1.0,99.0
Ennio_Doorbell,300,0,12085,oas_nominal,0.9474267199999999,0.6941989949748744,0.0,0.0,37.18018431465333
Ennio_Doorbell,300,0,12085,oas_covariance_ess,0.97044628,0.7474090452261306,0.0,0.0,37.18018431465333
Ennio_Doorbell,300,0,12085,shared_marginals,0.94541228,0.7132703517587939,0.0,0.0,37.18018431465333
Ennio_Doorbell,300,1,1380,oas_nominal,0.99910004,0.9547758793969849,0.0924,1.0,299.0
Ennio_Doorbell,300,1,1380,oas_covariance_ess,0.99910004,0.9547758793969849,0.0924,1.0,299.0
Ennio_Doorbell,300,1,1380,shared_marginals,0.9990945600000001,0.9545005025125629,0.0932,1.0,299.0
Ennio_Doorbell,300,2,16724,oas_nominal,0.9637673600000001,0.7869768844221106,0.0,0.4536,39.50420189940707
Ennio_Doorbell,300,2,16724,oas_covariance_ess,0.97645452,0.7978572864321607,0.0,0.0,39.50420189940707
Ennio_Doorbell,300,2,16724,shared_marginals,0.9495554,0.7868804020100502,0.0,0.4528,39.50420189940707
Ennio_Doorbell,300,3,4467,oas_nominal,0.9712406,0.788,0.1242,1.0,299.0
Ennio_Doorbell,300,3,4467,oas_covariance_ess,0.97124132,0.7880341708542714,0.1244,1.0,299.0
Ennio_Doorbell,300,3,4467,shared_marginals,0.97161952,0.7905628140703518,0.1288,1.0,299.0
Ennio_Doorbell,300,4,16116,oas_nominal,0.99640256,0.8194653266331657,0.062,1.0,299.0
Ennio_Doorbell,300,4,16116,oas_covariance_ess,0.9964033600000001,0.8195035175879397,0.062,1.0,299.0
Ennio_Doorbell,300,4,16116,shared_marginals,0.99673312,0.8359798994974874,0.062,1.0,299.0
Ennio_Doorbell,300,5,3631,oas_nominal,0.99796964,0.8979718592964825,0.0748,1.0,299.0
Ennio_Doorbell,300,5,3631,oas_covariance_ess,0.99797012,0.8979959798994975,0.075,1.0,299.0
Ennio_Doorbell,300,5,3631,shared_marginals,0.99816968,0.9080241206030151,0.0754,1.0,299.0
Ennio_Doorbell,300,6,11832,oas_nominal,0.9825592,0.7797286432160804,0.0044,0.5812,137.67268511835158
Ennio_Doorbell,300,6,11832,oas_covariance_ess,0.98599868,0.7819939698492462,0.0056,0.5962,137.67268511835158
Ennio_Doorbell,300,6,11832,shared_marginals,0.98404804,0.7810854271356784,0.0094,0.5962,137.67268511835158
Ennio_Doorbell,300,7,15161,oas_nominal,0.9703267600000001,0.7558934673366834,0.2732,1.0,169.88747001118776
Ennio_Doorbell,300,7,15161,oas_covariance_ess,0.972453,0.7584603015075377,0.2964,1.0,169.88747001118776
Ennio_Doorbell,300,7,15161,shared_marginals,0.9659594800000001,0.7588562814070352,0.2848,1.0,169.88747001118776
Ennio_Doorbell,1000,0,1050,oas_nominal,0.99793244,0.8961025125628141,0.1032,1.0,999.0
Ennio_Doorbell,1000,0,1050,oas_covariance_ess,0.9979326000000001,0.8961105527638191,0.1032,1.0,999.0
Ennio_Doorbell,1000,0,1050,shared_marginals,0.99858988,0.9291396984924623,0.0998,1.0,999.0
Ennio_Doorbell,1000,1,20467,oas_nominal,0.9706212,0.7590793969849245,0.229,1.0,553.5074050136113
Ennio_Doorbell,1000,1,20467,oas_covariance_ess,0.9727700800000001,0.7599155778894473,0.23,1.0,553.5074050136113
Ennio_Doorbell,1000,1,20467,shared_marginals,0.97021808,0.7595517587939699,0.2222,1.0,553.5074050136113
Ennio_Doorbell,1000,2,19541,oas_nominal,0.9691689199999999,0.7584040201005025,0.2456,1.0,570.8173574300074
Ennio_Doorbell,1000,2,19541,oas_covariance_ess,0.97091892,0.7586371859296482,0.2436,1.0,570.8173574300074
Ennio_Doorbell,1000,2,19541,shared_marginals,0.9645441200000001,0.758643216080402,0.2318,1.0,570.8173574300074
Ennio_Doorbell,1000,3,8850,oas_nominal,0.99400008,0.7838613065326634,0.1264,1.0,999.0
Ennio_Doorbell,1000,3,8850,oas_covariance_ess,0.99400028,0.7838713567839196,0.1264,1.0,999.0
Ennio_Doorbell,1000,3,8850,shared_marginals,0.99730496,0.8646934673366834,0.1258,1.0,999.0
Ennio_Doorbell,1000,4,8752,oas_nominal,0.994604,0.7929768844221106,0.1188,1.0,999.0
Ennio_Doorbell,1000,4,8752,oas_covariance_ess,0.99460444,0.7929989949748744,0.1188,1.0,999.0
Ennio_Doorbell,1000,4,8752,shared_marginals,0.9978736,0.8932442211055276,0.1154,1.0,999.0
Ennio_Doorbell,1000,5,12942,oas_nominal,0.95846804,0.7766070351758794,0.0012,0.5246,112.40840251028138
Ennio_Doorbell,1000,5,12942,oas_covariance_ess,0.99082504,0.7905266331658292,0.0,0.4624,112.40840251028138
Ennio_Doorbell,1000,5,12942,shared_marginals,0.9534772,0.7776261306532664,0.0024,0.5248,112.40840251028138
Ennio_Doorbell,1000,6,1969,oas_nominal,0.97040156,0.7702713567839196,0.1194,1.0,999.0
Ennio_Doorbell,1000,6,1969,oas_covariance_ess,0.97040388,0.7703075376884423,0.1194,1.0,999.0
Ennio_Doorbell,1000,6,1969,shared_marginals,0.9721557599999999,0.7806090452261307,0.1166,1.0,999.0
Ennio_Doorbell,1000,7,20735,oas_nominal,0.9678116,0.7641266331658292,0.2246,1.0,548.5107122135583
Ennio_Doorbell,1000,7,20735,oas_covariance_ess,0.96985704,0.7644180904522613,0.2392,1.0,548.5107122135583
Ennio_Doorbell,1000,7,20735,shared_marginals,0.9669466800000001,0.7643175879396985,0.232,1.0,548.5107122135583
Philips_B120N10_Baby_Monitor,30,0,97728,oas_nominal,0.99132476,0.6045788944723618,0.163,1.0,29.0
Philips_B120N10_Baby_Monitor,30,0,97728,oas_covariance_ess,0.99134384,0.6051537688442211,0.1678,1.0,29.0
Philips_B120N10_Baby_Monitor,30,0,97728,shared_marginals,0.9926019199999999,0.6440964824120603,0.1814,1.0,29.0
Philips_B120N10_Baby_Monitor,30,1,58159,oas_nominal,0.99683848,0.8416984924623115,0.8492,1.0,29.0
Philips_B120N10_Baby_Monitor,30,1,58159,oas_covariance_ess,0.99683364,0.8414592964824121,0.8534,1.0,29.0
Philips_B120N10_Baby_Monitor,30,1,58159,shared_marginals,0.99673756,0.8366351758793971,0.9262,1.0,29.0
Philips_B120N10_Baby_Monitor,30,2,25110,oas_nominal,0.99433312,0.7160944723618091,0.3774,1.0,29.0
Philips_B120N10_Baby_Monitor,30,2,25110,oas_covariance_ess,0.9943447999999999,0.7166834170854273,0.3806,1.0,29.0
Philips_B120N10_Baby_Monitor,30,2,25110,shared_marginals,0.99523708,0.761105527638191,0.4008,1.0,29.0
Philips_B120N10_Baby_Monitor,30,3,39050,oas_nominal,0.99418428,0.7112221105527639,0.1162,1.0,29.0
Philips_B120N10_Baby_Monitor,30,3,39050,oas_covariance_ess,0.99419012,0.711521608040201,0.1228,1.0,29.0
Philips_B120N10_Baby_Monitor,30,3,39050,shared_marginals,0.99510096,0.7547015075376884,0.1636,1.0,29.0
Philips_B120N10_Baby_Monitor,30,4,107692,oas_nominal,0.9924156399999999,0.6395778894472361,0.9392,1.0,29.0
Philips_B120N10_Baby_Monitor,30,4,107692,oas_covariance_ess,0.9924292799999999,0.6402532663316582,0.9406,1.0,29.0
Philips_B120N10_Baby_Monitor,30,4,107692,shared_marginals,0.9936126,0.6813507537688441,0.9452,1.0,29.0
Philips_B120N10_Baby_Monitor,30,5,15147,oas_nominal,0.99458008,0.7278391959798995,0.2722,1.0,29.0
Philips_B120N10_Baby_Monitor,30,5,15147,oas_covariance_ess,0.99458696,0.7281869346733669,0.274,1.0,29.0
Philips_B120N10_Baby_Monitor,30,5,15147,shared_marginals,0.9952049199999999,0.7590693467336683,0.3324,1.0,29.0
Philips_B120N10_Baby_Monitor,30,6,20879,oas_nominal,0.99600332,0.7998231155778894,0.0814,1.0,29.0
Philips_B120N10_Baby_Monitor,30,6,20879,oas_covariance_ess,0.9960129600000001,0.8003115577889447,0.0834,1.0,29.0
Philips_B120N10_Baby_Monitor,30,6,20879,shared_marginals,0.99655928,0.8275577889447236,0.1184,1.0,29.0
Philips_B120N10_Baby_Monitor,30,7,37778,oas_nominal,0.9936494000000001,0.688329648241206,0.1808,1.0,29.0
Philips_B120N10_Baby_Monitor,30,7,37778,oas_covariance_ess,0.9936578,0.6887417085427135,0.185,1.0,29.0
Philips_B120N10_Baby_Monitor,30,7,37778,shared_marginals,0.99435552,0.7232180904522614,0.2714,1.0,29.0
Philips_B120N10_Baby_Monitor,100,0,93430,oas_nominal,0.99713924,0.8562432160804021,0.347,1.0,99.0
Philips_B120N10_Baby_Monitor,100,0,93430,oas_covariance_ess,0.9971376000000001,0.8561608040201005,0.348,1.0,99.0
Philips_B120N10_Baby_Monitor,100,0,93430,shared_marginals,0.99749952,0.8743477386934673,0.3368,1.0,99.0
Philips_B120N10_Baby_Monitor,100,1,73929,oas_nominal,0.99446976,0.7225386934673367,0.6962,1.0,99.0
Philips_B120N10_Baby_Monitor,100,1,73929,oas_covariance_ess,0.99446924,0.7225105527638191,0.6982,1.0,99.0
Philips_B120N10_Baby_Monitor,100,1,73929,shared_marginals,0.99510764,0.7543115577889448,0.747,1.0,99.0
Philips_B120N10_Baby_Monitor,100,2,101542,oas_nominal,0.9964533999999999,0.821811055276382,0.5344,1.0,99.0
Philips_B120N10_Baby_Monitor,100,2,101542,oas_covariance_ess,0.9964542000000001,0.8218512562814071,0.535,1.0,99.0
Philips_B120N10_Baby_Monitor,100,2,101542,shared_marginals,0.9970468,0.8516201005025126,0.5172,1.0,99.0
Philips_B120N10_Baby_Monitor,100,3,48657,oas_nominal,0.99851524,0.9253889447236181,0.1436,1.0,93.23556432962721
Philips_B120N10_Baby_Monitor,100,3,48657,oas_covariance_ess,0.9984896,0.9241005025125628,0.159,1.0,93.23556432962721
Philips_B120N10_Baby_Monitor,100,3,48657,shared_marginals,0.99845732,0.922478391959799,0.15,1.0,93.23556432962721
Philips_B120N10_Baby_Monitor,100,4,115756,oas_nominal,0.99632084,0.8152844221105529,0.0548,1.0,95.76772461269337
Philips_B120N10_Baby_Monitor,100,4,115756,oas_covariance_ess,0.9963035600000001,0.8144201005025126,0.0542,1.0,95.76772461269337
Philips_B120N10_Baby_Monitor,100,4,115756,shared_marginals,0.9962804799999999,0.8131778894472362,0.0612,1.0,95.76772461269337
Philips_B120N10_Baby_Monitor,100,5,98688,oas_nominal,0.99586136,0.7921206030150754,0.0542,1.0,99.0
Philips_B120N10_Baby_Monitor,100,5,98688,oas_covariance_ess,0.99586008,0.7920562814070351,0.0544,1.0,99.0
Philips_B120N10_Baby_Monitor,100,5,98688,shared_marginals,0.99629172,0.8136562814070352,0.0542,1.0,99.0
Philips_B120N10_Baby_Monitor,100,6,45204,oas_nominal,0.99310324,0.6778552763819096,0.4538,1.0,99.0
Philips_B120N10_Baby_Monitor,100,6,45204,oas_covariance_ess,0.9931052399999999,0.6779537688442211,0.4542,1.0,99.0
Philips_B120N10_Baby_Monitor,100,6,45204,shared_marginals,0.9937765599999999,0.702321608040201,0.469,1.0,99.0
Philips_B120N10_Baby_Monitor,100,7,55716,oas_nominal,0.99407164,0.7111557788944725,0.8522,1.0,99.0
Philips_B120N10_Baby_Monitor,100,7,55716,oas_covariance_ess,0.99406968,0.7110532663316582,0.8596,1.0,99.0
Philips_B120N10_Baby_Monitor,100,7,55716,shared_marginals,0.9945577999999999,0.7268904522613066,0.8526,1.0,99.0
Philips_B120N10_Baby_Monitor,300,0,52877,oas_nominal,0.9935716,0.6843316582914573,0.1286,1.0,299.0
Philips_B120N10_Baby_Monitor,300,0,52877,oas_covariance_ess,0.99357304,0.6843959798994975,0.1286,1.0,299.0
Philips_B120N10_Baby_Monitor,300,0,52877,shared_marginals,0.99428492,0.7257989949748744,0.1332,1.0,299.0
Philips_B120N10_Baby_Monitor,300,1,14929,oas_nominal,0.99295824,0.7166653266331658,0.2426,1.0,268.97574768532075
Philips_B120N10_Baby_Monitor,300,1,14929,oas_covariance_ess,0.99303016,0.7162753768844221,0.2436,1.0,268.97574768532075
Philips_B120N10_Baby_Monitor,300,1,14929,shared_marginals,0.99405072,0.7152462311557789,0.231,1.0,268.97574768532075
Philips_B120N10_Baby_Monitor,300,2,36901,oas_nominal,0.9924512,0.6307919597989949,0.8692,1.0,299.0
Philips_B120N10_Baby_Monitor,300,2,36901,oas_covariance_ess,0.99245208,0.6308261306532663,0.8692,1.0,299.0
Philips_B120N10_Baby_Monitor,300,2,36901,shared_marginals,0.9934416,0.6710673366834171,0.8748,1.0,299.0
Philips_B120N10_Baby_Monitor,300,3,53469,oas_nominal,0.99810992,0.9067577889447236,0.9302,1.0,154.44111513082683
Philips_B120N10_Baby_Monitor,300,3,53469,oas_covariance_ess,0.99802976,0.9025005025125628,0.8802,1.0,154.44111513082683
Philips_B120N10_Baby_Monitor,300,3,53469,shared_marginals,0.99854516,0.9270793969849247,0.9306,1.0,154.44111513082683
Philips_B120N10_Baby_Monitor,300,4,57594,oas_nominal,0.99999664,0.9998613065326634,0.0,0.0,53.1294215583767
Philips_B120N10_Baby_Monitor,300,4,57594,oas_covariance_ess,0.9999992000000001,0.9999597989949749,0.0,0.0,53.1294215583767
Philips_B120N10_Baby_Monitor,300,4,57594,shared_marginals,0.99933064,0.9664281407035176,0.0,0.0,53.1294215583767
Philips_B120N10_Baby_Monitor,300,5,30455,oas_nominal,0.9980281599999999,0.9009125628140704,0.092,1.0,299.0
Philips_B120N10_Baby_Monitor,300,5,30455,oas_covariance_ess,0.99802656,0.90083216080402,0.0922,1.0,299.0
Philips_B120N10_Baby_Monitor,300,5,30455,shared_marginals,0.99827572,0.9133587939698492,0.099,1.0,299.0
Philips_B120N10_Baby_Monitor,300,6,31109,oas_nominal,0.99659244,0.8289447236180905,0.4262,1.0,299.0
Philips_B120N10_Baby_Monitor,300,6,31109,oas_covariance_ess,0.99659208,0.8289266331658292,0.4276,1.0,299.0
Philips_B120N10_Baby_Monitor,300,6,31109,shared_marginals,0.9970550800000001,0.8520462311557789,0.4376,1.0,299.0
Philips_B120N10_Baby_Monitor,300,7,81839,oas_nominal,0.99574452,0.7866412060301508,0.4056,1.0,299.0
Philips_B120N10_Baby_Monitor,300,7,81839,oas_covariance_ess,0.9957450800000001,0.7866633165829146,0.406,1.0,299.0
Philips_B120N10_Baby_Monitor,300,7,81839,shared_marginals,0.99647924,0.8231899497487437,0.404,1.0,299.0
Philips_B120N10_Baby_Monitor,1000,0,92647,oas_nominal,0.99342444,0.7873547738693467,0.439,1.0,999.0
Philips_B120N10_Baby_Monitor,1000,0,92647,oas_covariance_ess,0.99342484,0.7873748743718594,0.439,1.0,999.0
Philips_B120N10_Baby_Monitor,1000,0,92647,shared_marginals,0.99493568,0.8064140703517588,0.4312,1.0,999.0
Philips_B120N10_Baby_Monitor,1000,1,86328,oas_nominal,0.99655224,0.8268783919597991,0.5742,1.0,999.0
Philips_B120N10_Baby_Monitor,1000,1,86328,oas_covariance_ess,0.99655224,0.8268783919597991,0.5742,1.0,999.0
Philips_B120N10_Baby_Monitor,1000,1,86328,shared_marginals,0.9969287600000001,0.845670351758794,0.5726,1.0,999.0
Philips_B120N10_Baby_Monitor,1000,2,46996,oas_nominal,0.99162412,0.755113567839196,0.3418,1.0,999.0
Philips_B120N10_Baby_Monitor,1000,2,46996,oas_covariance_ess,0.99162412,0.755113567839196,0.3418,1.0,999.0
Philips_B120N10_Baby_Monitor,1000,2,46996,shared_marginals,0.9923858400000001,0.7596502512562815,0.3524,1.0,999.0
Philips_B120N10_Baby_Monitor,1000,3,85637,oas_nominal,0.9968536,0.8418974874371858,0.4416,1.0,999.0
Philips_B120N10_Baby_Monitor,1000,3,85637,oas_covariance_ess,0.99685356,0.8418954773869347,0.4416,1.0,999.0
Philips_B120N10_Baby_Monitor,1000,3,85637,shared_marginals,0.9975282,0.8757889447236181,0.4372,1.0,999.0
Philips_B120N10_Baby_Monitor,1000,4,18777,oas_nominal,0.9981880799999999,0.908948743718593,0.383,1.0,999.0
Philips_B120N10_Baby_Monitor,1000,4,18777,oas_covariance_ess,0.99818776,0.908932663316583,0.383,1.0,999.0
Philips_B120N10_Baby_Monitor,1000,4,18777,shared_marginals,0.99840392,0.9197949748743719,0.385,1.0,999.0
Philips_B120N10_Baby_Monitor,1000,5,17611,oas_nominal,0.99928244,0.9639417085427135,0.0182,1.0,176.9066744718259
Philips_B120N10_Baby_Monitor,1000,5,17611,oas_covariance_ess,0.99880724,0.9400623115577889,0.0024,0.752,176.9066744718259
Philips_B120N10_Baby_Monitor,1000,5,17611,shared_marginals,0.9980715200000001,0.9031437185929649,0.0198,1.0,176.9066744718259
Philips_B120N10_Baby_Monitor,1000,6,51202,oas_nominal,0.99605856,0.802251256281407,0.3684,1.0,999.0
Philips_B120N10_Baby_Monitor,1000,6,51202,oas_covariance_ess,0.9960588,0.8022633165829145,0.3684,1.0,999.0
Philips_B120N10_Baby_Monitor,1000,6,51202,shared_marginals,0.99702056,0.8503718592964825,0.3668,1.0,999.0
Philips_B120N10_Baby_Monitor,1000,7,83555,oas_nominal,0.99539272,0.7690633165829146,0.4974,1.0,999.0
Philips_B120N10_Baby_Monitor,1000,7,83555,oas_covariance_ess,0.99539372,0.7691115577889447,0.4974,1.0,999.0
Philips_B120N10_Baby_Monitor,1000,7,83555,shared_marginals,0.99654656,0.8265849246231156,0.503,1.0,999.0
Provision_PT_737E_Security_Camera,30,0,29656,oas_nominal,0.8457824800000001,0.5029587939698492,0.3754,1.0,16.654556964639614
Provision_PT_737E_Security_Camera,30,0,29656,oas_covariance_ess,0.851405,0.5074472361809045,0.3386,1.0,16.654556964639614
Provision_PT_737E_Security_Camera,30,0,29656,shared_marginals,0.87858232,0.5717246231155779,0.4208,1.0,16.654556964639614
Provision_PT_737E_Security_Camera,30,1,13218,oas_nominal,0.9169227600000001,0.688862311557789,0.2448,1.0,17.14176247280856
Provision_PT_737E_Security_Camera,30,1,13218,oas_covariance_ess,0.92831812,0.6998472361809045,0.2422,1.0,17.14176247280856
Provision_PT_737E_Security_Camera,30,1,13218,shared_marginals,0.93410936,0.634635175879397,0.269,1.0,17.14176247280856
Provision_PT_737E_Security_Camera,30,2,5502,oas_nominal,0.98325376,0.8469346733668341,0.8954,1.0,29.0
Provision_PT_737E_Security_Camera,30,2,5502,oas_covariance_ess,0.9826410800000001,0.8443316582914573,0.8942,1.0,29.0
Provision_PT_737E_Security_Camera,30,2,5502,shared_marginals,0.9990214,0.9513065326633166,0.9034,1.0,29.0
Provision_PT_737E_Security_Camera,30,3,8582,oas_nominal,0.99854776,0.9270231155778894,0.004,0.9892,29.0
Provision_PT_737E_Security_Camera,30,3,8582,oas_covariance_ess,0.99855068,0.9271698492462311,0.004,0.9932,29.0
Provision_PT_737E_Security_Camera,30,3,8582,shared_marginals,0.99955432,0.9776040201005025,0.005,1.0,29.0
Provision_PT_737E_Security_Camera,30,4,30800,oas_nominal,0.90456876,0.6934452261306533,0.2496,1.0,16.19791223415806
Provision_PT_737E_Security_Camera,30,4,30800,oas_covariance_ess,0.9176703599999999,0.6968562814070351,0.2422,1.0,16.19791223415806
Provision_PT_737E_Security_Camera,30,4,30800,shared_marginals,0.92549584,0.670148743718593,0.2748,1.0,16.19791223415806
Provision_PT_737E_Security_Camera,30,5,6277,oas_nominal,0.84001944,0.5009346733668342,0.4416,1.0,19.45934939312996
Provision_PT_737E_Security_Camera,30,5,6277,oas_covariance_ess,0.84358492,0.5089125628140704,0.4124,1.0,19.45934939312996
Provision_PT_737E_Security_Camera,30,5,6277,shared_marginals,0.8621373999999999,0.5628984924623116,0.4534,1.0,19.45934939312996
Provision_PT_737E_Security_Camera,30,6,33793,oas_nominal,0.8832300400000002,0.5873447236180904,0.2264,0.8066,20.490604746337233
Provision_PT_737E_Security_Camera,30,6,33793,oas_covariance_ess,0.8874132800000001,0.5989386934673366,0.2158,0.7914,20.490604746337233
Provision_PT_737E_Security_Camera,30,6,33793,shared_marginals,0.9124188400000001,0.5849266331658292,0.2384,1.0,20.490604746337233
Provision_PT_737E_Security_Camera,30,7,1193,oas_nominal,0.9099619200000001,0.6652462311557789,0.2368,1.0,21.82496889817372
Provision_PT_737E_Security_Camera,30,7,1193,oas_covariance_ess,0.9147687600000001,0.6743497487437186,0.2328,1.0,21.82496889817372
Provision_PT_737E_Security_Camera,30,7,1193,shared_marginals,0.92391624,0.5988502512562814,0.2746,1.0,21.82496889817372
Provision_PT_737E_Security_Camera,100,0,25740,oas_nominal,0.87147356,0.599278391959799,0.2792,1.0,45.60229092939003
Provision_PT_737E_Security_Camera,100,0,25740,oas_covariance_ess,0.8823834799999999,0.6131859296482411,0.2844,1.0,45.60229092939003
Provision_PT_737E_Security_Camera,100,0,25740,shared_marginals,0.8780439200000002,0.5921326633165829,0.2836,1.0,45.60229092939003
Provision_PT_737E_Security_Camera,100,1,535,oas_nominal,0.99962948,0.9813809045226132,0.0,0.0,25.749189434845665
Provision_PT_737E_Security_Camera,100,1,535,oas_covariance_ess,0.9993683600000001,0.9682592964824122,0.0,0.0,25.749189434845665
Provision_PT_737E_Security_Camera,100,1,535,shared_marginals,0.9995352000000001,0.976643216080402,0.0014,1.0,25.749189434845665
Provision_PT_737E_Security_Camera,100,2,4516,oas_nominal,0.9998476,0.9923417085427135,0.0,0.0,39.299292645391695
Provision_PT_737E_Security_Camera,100,2,4516,oas_covariance_ess,0.99977012,0.9884482412060301,0.0,0.0,39.299292645391695
Provision_PT_737E_Security_Camera,100,2,4516,shared_marginals,0.99978408,0.9891497487437186,0.0,0.0,39.299292645391695
Provision_PT_737E_Security_Camera,100,3,10507,oas_nominal,0.8618462400000001,0.6521668341708543,0.2398,1.0,45.07720308389205
Provision_PT_737E_Security_Camera,100,3,10507,oas_covariance_ess,0.87056988,0.6747859296482412,0.238,1.0,45.07720308389205
Provision_PT_737E_Security_Camera,100,3,10507,shared_marginals,0.86093,0.6075758793969849,0.2674,1.0,45.07720308389205
Provision_PT_737E_Security_Camera,100,4,40297,oas_nominal,0.99936852,0.9682673366834171,0.0,0.0366,40.23771077759198
Provision_PT_737E_Security_Camera,100,4,40297,oas_covariance_ess,0.99932572,0.9661165829145728,0.0,0.04,40.23771077759198
Provision_PT_737E_Security_Camera,100,4,40297,shared_marginals,0.99933348,0.9665065326633165,0.0,0.3228,40.23771077759198
Provision_PT_737E_Security_Camera,100,5,11948,oas_nominal,0.86983908,0.6572281407035175,0.382,1.0,46.97646242387725
Provision_PT_737E_Security_Camera,100,5,11948,oas_covariance_ess,0.87908056,0.6842874371859297,0.3902,1.0,46.97646242387725
Provision_PT_737E_Security_Camera,100,5,11948,shared_marginals,0.8686653199999999,0.6036201005025126,0.3404,1.0,46.97646242387725
Provision_PT_737E_Security_Camera,100,6,41292,oas_nominal,0.98893712,0.6556381909547738,0.0002,0.1726,33.14104994374318
Provision_PT_737E_Security_Camera,100,6,41292,oas_covariance_ess,0.9905083199999999,0.7108442211055277,0.0,0.0006,33.14104994374318
Provision_PT_737E_Security_Camera,100,6,41292,shared_marginals,0.99019336,0.6989145728643216,0.0,0.0036,33.14104994374318
Provision_PT_737E_Security_Camera,100,7,13683,oas_nominal,0.8868292,0.666227135678392,0.4064,1.0,44.6513686496212
Provision_PT_737E_Security_Camera,100,7,13683,oas_covariance_ess,0.8967996399999999,0.6865688442211055,0.4138,1.0,44.6513686496212
Provision_PT_737E_Security_Camera,100,7,13683,shared_marginals,0.8946613199999999,0.6126030150753768,0.4166,1.0,44.6513686496212
Provision_PT_737E_Security_Camera,300,0,13336,oas_nominal,0.99961716,0.9807618090452261,0.0,0.0,64.97747441339511
Provision_PT_737E_Security_Camera,300,0,13336,oas_covariance_ess,0.99957988,0.9788884422110552,0.0,0.0,64.97747441339511
Provision_PT_737E_Security_Camera,300,0,13336,shared_marginals,0.9995736,0.9785728643216081,0.0,0.0,64.97747441339511
Provision_PT_737E_Security_Camera,300,1,12823,oas_nominal,0.99969428,0.9846371859296483,0.0,0.0,50.068068320951475
Provision_PT_737E_Security_Camera,300,1,12823,oas_covariance_ess,0.99964928,0.9823758793969849,0.0,0.0,50.068068320951475
Provision_PT_737E_Security_Camera,300,1,12823,shared_marginals,0.999644,0.9821105527638191,0.0,0.0,50.068068320951475
Provision_PT_737E_Security_Camera,300,2,32530,oas_nominal,0.99873836,0.9366010050251257,0.0,0.0,63.9248106834045
Provision_PT_737E_Security_Camera,300,2,32530,oas_covariance_ess,0.99894176,0.9468221105527639,0.0,0.0,63.9248106834045
Provision_PT_737E_Security_Camera,300,2,32530,shared_marginals,0.9986440400000001,0.9318613065326633,0.0,0.0,63.9248106834045
Provision_PT_737E_Security_Camera,300,3,29642,oas_nominal,0.8379376399999999,0.49748743718592964,0.2846,1.0,134.86542311809575
Provision_PT_737E_Security_Camera,300,3,29642,oas_covariance_ess,0.84814488,0.5790592964824121,0.2882,1.0,134.86542311809575
Provision_PT_737E_Security_Camera,300,3,29642,shared_marginals,0.8373416,0.49748743718592964,0.299,1.0,134.86542311809575
Provision_PT_737E_Security_Camera,300,4,10391,oas_nominal,0.99810064,0.9046231155778894,0.0,0.0,45.827159949341365
Provision_PT_737E_Security_Camera,300,4,10391,oas_covariance_ess,0.99651144,0.8456683417085427,0.0,0.0,45.827159949341365
Provision_PT_737E_Security_Camera,300,4,10391,shared_marginals,0.99691952,0.855435175879397,0.0,0.0,45.827159949341365
Provision_PT_737E_Security_Camera,300,5,16856,oas_nominal,0.99897876,0.9486814070351759,0.0,0.0,63.14647846407772
Provision_PT_737E_Security_Camera,300,5,16856,oas_covariance_ess,0.99937636,0.9686613065326632,0.0,0.0,63.14647846407772
Provision_PT_737E_Security_Camera,300,5,16856,shared_marginals,0.99897684,0.9485849246231155,0.0,0.0,63.14647846407772
Provision_PT_737E_Security_Camera,300,6,2725,oas_nominal,0.99901908,0.9507075376884422,0.0,0.0,64.72456963676231
Provision_PT_737E_Security_Camera,300,6,2725,oas_covariance_ess,0.9990903600000001,0.9542894472361809,0.0,0.0,64.72456963676231
Provision_PT_737E_Security_Camera,300,6,2725,shared_marginals,0.9990679600000001,0.9531638190954774,0.0,0.0,64.72456963676231
Provision_PT_737E_Security_Camera,300,7,30959,oas_nominal,0.8911352399999999,0.6834834170854271,0.0,0.2736,86.1606578494315
Provision_PT_737E_Security_Camera,300,7,30959,oas_covariance_ess,0.91025196,0.7073286432160804,0.0,0.202,86.1606578494315
Provision_PT_737E_Security_Camera,300,7,30959,shared_marginals,0.8990421200000001,0.6853145728643215,0.0,0.2136,86.1606578494315
Provision_PT_737E_Security_Camera,1000,0,8977,oas_nominal,0.9952752,0.8309386934673367,0.0652,1.0,164.70147301941594
Provision_PT_737E_Security_Camera,1000,0,8977,oas_covariance_ess,0.9992434,0.9619798994974875,0.0636,1.0,164.70147301941594
Provision_PT_737E_Security_Camera,1000,0,8977,shared_marginals,0.99532896,0.8334934673366834,0.0644,1.0,164.70147301941594
Provision_PT_737E_Security_Camera,1000,1,32936,oas_nominal,0.99840124,0.9196603015075377,0.083,1.0,152.72451829998099
Provision_PT_737E_Security_Camera,1000,1,32936,oas_covariance_ess,0.9986774,0.9335376884422111,0.0756,1.0,152.72451829998099
Provision_PT_737E_Security_Camera,1000,1,32936,shared_marginals,0.99842696,0.9209527638190955,0.0832,1.0,152.72451829998099
Provision_PT_737E_Security_Camera,1000,2,32669,oas_nominal,0.99855,0.9271356783919598,0.0914,1.0,136.49878529902168
Provision_PT_737E_Security_Camera,1000,2,32669,oas_covariance_ess,0.99870152,0.9347497487437186,0.0798,1.0,136.49878529902168
Provision_PT_737E_Security_Camera,1000,2,32669,shared_marginals,0.99842528,0.9208683417085427,0.0922,1.0,136.49878529902168
Provision_PT_737E_Security_Camera,1000,3,39977,oas_nominal,0.9913620799999999,0.7166572864321608,0.0134,0.6292,126.20000250237176
Provision_PT_737E_Security_Camera,1000,3,39977,oas_covariance_ess,0.9954360000000001,0.8595256281407035,0.011,0.7936,126.20000250237176
Provision_PT_737E_Security_Camera,1000,3,39977,shared_marginals,0.9897465999999999,0.6725105527638191,0.0126,0.4936,126.20000250237176
Provision_PT_737E_Security_Camera,1000,4,3352,oas_nominal,0.98633812,0.6610814070351758,0.0648,1.0,142.89950495041316
Provision_PT_737E_Security_Camera,1000,4,3352,oas_covariance_ess,0.9953404400000001,0.8774050251256282,0.0626,1.0,142.89950495041316
Provision_PT_737E_Security_Camera,1000,4,3352,shared_marginals,0.98595392,0.674132663316583,0.0648,1.0,142.89950495041316
Provision_PT_737E_Security_Camera,1000,5,16404,oas_nominal,0.9984937199999999,0.9243075376884422,0.0222,1.0,136.0996471558431
Provision_PT_737E_Security_Camera,1000,5,16404,oas_covariance_ess,0.9988490400000001,0.9421628140703517,0.0164,1.0,136.0996471558431
Provision_PT_737E_Security_Camera,1000,5,16404,shared_marginals,0.99868192,0.9337648241206029,0.0196,1.0,136.0996471558431
Provision_PT_737E_Security_Camera,1000,6,33738,oas_nominal,0.99793944,0.896454271356784,0.0404,1.0,150.966851065959
Provision_PT_737E_Security_Camera,1000,6,33738,oas_covariance_ess,0.99968388,0.9841145728643215,0.03,1.0,150.966851065959
Provision_PT_737E_Security_Camera,1000,6,33738,shared_marginals,0.99834756,0.9169628140703519,0.0378,1.0,150.966851065959
Provision_PT_737E_Security_Camera,1000,7,21050,oas_nominal,0.99912404,0.9559819095477387,0.0082,1.0,145.1894491146402
Provision_PT_737E_Security_Camera,1000,7,21050,oas_covariance_ess,0.99923376,0.9614954773869346,0.008,1.0,145.1894491146402
Provision_PT_737E_Security_Camera,1000,7,21050,shared_marginals,0.9991564000000001,0.957608040201005,0.0072,1.0,145.1894491146402
Provision_PT_838_Security_Camera,30,0,36363,oas_nominal,0.8090984800000001,0.49889447236180906,0.4976,1.0,29.0
Provision_PT_838_Security_Camera,30,0,36363,oas_covariance_ess,0.8094591200000002,0.49898492462311556,0.5074,1.0,29.0
Provision_PT_838_Security_Camera,30,0,36363,shared_marginals,0.84962956,0.5023678391959799,0.5164,1.0,29.0
Provision_PT_838_Security_Camera,30,1,50635,oas_nominal,0.8808501200000001,0.6706733668341708,0.3746,1.0,22.918333535159675
Provision_PT_838_Security_Camera,30,1,50635,oas_covariance_ess,0.88470112,0.6782713567839196,0.4218,1.0,22.918333535159675
Provision_PT_838_Security_Camera,30,1,50635,shared_marginals,0.89346212,0.639035175879397,0.4698,1.0,22.918333535159675
Provision_PT_838_Security_Camera,30,2,8099,oas_nominal,0.92576624,0.7390994974874372,0.2872,1.0,19.467285213348003
Provision_PT_838_Security_Camera,30,2,8099,oas_covariance_ess,0.92919968,0.7510251256281408,0.2806,1.0,19.467285213348003
Provision_PT_838_Security_Camera,30,2,8099,shared_marginals,0.93644116,0.7627417085427136,0.2904,1.0,19.467285213348003
Provision_PT_838_Security_Camera,30,3,8222,oas_nominal,0.8411871999999998,0.6489467336683417,0.3296,1.0,20.43656779011909
Provision_PT_838_Security_Camera,30,3,8222,oas_covariance_ess,0.8472739200000001,0.6595959798994975,0.3162,1.0,20.43656779011909
Provision_PT_838_Security_Camera,30,3,8222,shared_marginals,0.8508991199999999,0.6353809045226131,0.3696,1.0,20.43656779011909
Provision_PT_838_Security_Camera,30,4,4372,oas_nominal,0.99924536,0.9636984924623115,0.0012,0.8486,12.219628891303364
Provision_PT_838_Security_Camera,30,4,4372,oas_covariance_ess,0.99938888,0.9708381909547739,0.0,0.0302,12.219628891303364
Provision_PT_838_Security_Camera,30,4,4372,shared_marginals,0.99952292,0.9760261306532664,0.001,0.9828,12.219628891303364
Provision_PT_838_Security_Camera,30,5,4354,oas_nominal,0.9999235599999999,0.9966211055276382,0.0,0.0,15.053836280033297
Provision_PT_838_Security_Camera,30,5,4354,oas_covariance_ess,0.9999334,0.9971296482412061,0.0,0.0,15.053836280033297
Provision_PT_838_Security_Camera,30,5,4354,shared_marginals,0.99989564,0.9947678391959798,0.0,0.0,15.053836280033297
Provision_PT_838_Security_Camera,30,6,44158,oas_nominal,0.99915816,0.9578592964824121,0.0,0.0,16.065790497500352
Provision_PT_838_Security_Camera,30,6,44158,oas_covariance_ess,0.99927536,0.9637587939698493,0.0,0.0,16.065790497500352
Provision_PT_838_Security_Camera,30,6,44158,shared_marginals,0.9996136400000001,0.9805849246231155,0.0024,1.0,16.065790497500352
Provision_PT_838_Security_Camera,30,7,428,oas_nominal,0.9948424,0.8726834170854272,0.0,0.0,24.57580549730199
Provision_PT_838_Security_Camera,30,7,428,oas_covariance_ess,0.9950085200000001,0.8770211055276382,0.0,0.0,24.57580549730199
Provision_PT_838_Security_Camera,30,7,428,shared_marginals,0.9995801999999999,0.9790030150753769,0.0,0.6718,24.57580549730199
Provision_PT_838_Security_Camera,100,0,60932,oas_nominal,0.89396108,0.6999899497487437,0.191,0.7794,60.36369287607519
Provision_PT_838_Security_Camera,100,0,60932,oas_covariance_ess,0.9019719599999999,0.7000743718592966,0.2102,0.7978,60.36369287607519
Provision_PT_838_Security_Camera,100,0,60932,shared_marginals,0.91481192,0.699867336683417,0.1352,0.7478,60.36369287607519
Provision_PT_838_Security_Camera,100,1,46430,oas_nominal,0.9684896799999999,0.6782211055276381,0.0,0.2804,34.9397129122465
Provision_PT_838_Security_Camera,100,1,46430,oas_covariance_ess,0.97392536,0.6854613065326634,0.0,0.003,34.9397129122465
Provision_PT_838_Security_Camera,100,1,46430,shared_marginals,0.9701134,0.6939678391959799,0.0,0.2308,34.9397129122465
Provision_PT_838_Security_Camera,100,2,50212,oas_nominal,0.9988358,0.941497487437186,0.0,0.0,22.339038514841246
Provision_PT_838_Security_Camera,100,2,50212,oas_covariance_ess,0.99924236,0.9619276381909547,0.0,0.0,22.339038514841246
Provision_PT_838_Security_Camera,100,2,50212,shared_marginals,0.9989588399999999,0.9476804020100502,0.004,1.0,22.339038514841246
Provision_PT_838_Security_Camera,100,3,1204,oas_nominal,0.99958748,0.979270351758794,0.0,0.5846,45.29928873857578
Provision_PT_838_Security_Camera,100,3,1204,oas_covariance_ess,0.99972604,0.9862331658291457,0.0,0.577,45.29928873857578
Provision_PT_838_Security_Camera,100,3,1204,shared_marginals,0.99966948,0.9833909547738694,0.0004,0.609,45.29928873857578
Provision_PT_838_Security_Camera,100,4,37709,oas_nominal,0.9985782000000001,0.9286592964824121,0.0002,0.2248,24.121254793173108
Provision_PT_838_Security_Camera,100,4,37709,oas_covariance_ess,0.99895004,0.9476241206030152,0.0,0.0,24.121254793173108
Provision_PT_838_Security_Camera,100,4,37709,shared_marginals,0.99909972,0.9549447236180906,0.0002,0.2862,24.121254793173108
Provision_PT_838_Security_Camera,100,5,9307,oas_nominal,0.99882156,0.941772864321608,0.75,1.0,41.69058717559445
Provision_PT_838_Security_Camera,100,5,9307,oas_covariance_ess,0.9988759199999999,0.9443899497487437,0.6658,1.0,41.69058717559445
Provision_PT_838_Security_Camera,100,5,9307,shared_marginals,0.99903164,0.9513386934673367,0.6126,1.0,41.69058717559445
Provision_PT_838_Security_Camera,100,6,21654,oas_nominal,0.99952344,0.9760522613065328,0.0,0.0,33.908606850289324
Provision_PT_838_Security_Camera,100,6,21654,oas_covariance_ess,0.9995875999999999,0.9792763819095478,0.0,0.0,33.908606850289324
Provision_PT_838_Security_Camera,100,6,21654,shared_marginals,0.99962328,0.9810693467336684,0.0,0.0,33.908606850289324
Provision_PT_838_Security_Camera,100,7,26953,oas_nominal,0.9992502,0.9625829145728644,0.7266,1.0,47.432164356562055
Provision_PT_838_Security_Camera,100,7,26953,oas_covariance_ess,0.99924764,0.9624562814070352,0.7216,1.0,47.432164356562055
Provision_PT_838_Security_Camera,100,7,26953,shared_marginals,0.999025,0.9510050251256281,0.509,1.0,47.432164356562055
Provision_PT_838_Security_Camera,300,0,17716,oas_nominal,0.99813312,0.9062311557788945,0.0,0.0002,69.27859541786196
Provision_PT_838_Security_Camera,300,0,17716,oas_covariance_ess,0.99930752,0.9652020100502512,0.0,0.0138,69.27859541786196
Provision_PT_838_Security_Camera,300,0,17716,shared_marginals,0.9986313600000001,0.9312281407035177,0.0,0.0418,69.27859541786196
Provision_PT_838_Security_Camera,300,1,3030,oas_nominal,0.83268384,0.6112040201005025,0.412,1.0,135.3325105859355
Provision_PT_838_Security_Camera,300,1,3030,oas_covariance_ess,0.84239824,0.6248502512562814,0.4368,1.0,135.3325105859355
Provision_PT_838_Security_Camera,300,1,3030,shared_marginals,0.82965868,0.5992884422110553,0.3924,1.0,135.3325105859355
Provision_PT_838_Security_Camera,300,2,1916,oas_nominal,0.9992636,0.9629949748743718,0.0148,1.0,82.91923962851186
Provision_PT_838_Security_Camera,300,2,1916,oas_covariance_ess,0.99935264,0.9674693467336684,0.0222,1.0,82.91923962851186
Provision_PT_838_Security_Camera,300,2,1916,shared_marginals,0.9992402800000001,0.9618231155778895,0.0238,1.0,82.91923962851186
Provision_PT_838_Security_Camera,300,3,14624,oas_nominal,0.8731145199999999,0.7002472361809046,0.3684,1.0,151.57490019172005
Provision_PT_838_Security_Camera,300,3,14624,oas_covariance_ess,0.8783498800000001,0.7001929648241206,0.3828,1.0,151.57490019172005
Provision_PT_838_Security_Camera,300,3,14624,shared_marginals,0.8797865599999999,0.698705527638191,0.363,1.0,151.57490019172005
Provision_PT_838_Security_Camera,300,4,17301,oas_nominal,0.99431868,0.8744060301507537,0.0,0.0,68.60051522087805
Provision_PT_838_Security_Camera,300,4,17301,oas_covariance_ess,0.9990591600000001,0.9528060301507537,0.0,0.0,68.60051522087805
Provision_PT_838_Security_Camera,300,4,17301,shared_marginals,0.99527016,0.8783658291457286,0.0,0.0,68.60051522087805
Provision_PT_838_Security_Camera,300,5,30611,oas_nominal,0.8064089200000001,0.8662854271356784,0.0,0.0,60.8278751117485
Provision_PT_838_Security_Camera,300,5,30611,oas_covariance_ess,0.9495667999999999,0.8875075376884423,0.0,0.0,60.8278751117485
Provision_PT_838_Security_Camera,300,5,30611,shared_marginals,0.98561204,0.8926753768844221,0.0,0.0,60.8278751117485
Provision_PT_838_Security_Camera,300,6,47508,oas_nominal,0.99878696,0.939043216080402,0.015,1.0,72.82604361721565
Provision_PT_838_Security_Camera,300,6,47508,oas_covariance_ess,0.99926112,0.962870351758794,0.01,1.0,72.82604361721565
Provision_PT_838_Security_Camera,300,6,47508,shared_marginals,0.9989608,0.9477788944723617,0.0162,1.0,72.82604361721565
Provision_PT_838_Security_Camera,300,7,52501,oas_nominal,0.99850736,0.9249929648241206,0.0,0.0,50.77759851830663
Provision_PT_838_Security_Camera,300,7,52501,oas_covariance_ess,0.99932928,0.9662954773869348,0.0,0.0,50.77759851830663
Provision_PT_838_Security_Camera,300,7,52501,shared_marginals,0.9989638,0.947929648241206,0.0,0.0,50.77759851830663
Provision_PT_838_Security_Camera,1000,0,52366,oas_nominal,0.9971555599999999,0.8575597989949748,0.0528,1.0,264.61515170028747
Provision_PT_838_Security_Camera,1000,0,52366,oas_covariance_ess,0.99872332,0.9358452261306532,0.0514,1.0,264.61515170028747
Provision_PT_838_Security_Camera,1000,0,52366,shared_marginals,0.99771224,0.8850492462311558,0.0506,1.0,264.61515170028747
Provision_PT_838_Security_Camera,1000,1,28649,oas_nominal,0.99963288,0.9815517587939698,0.0312,1.0,193.06238645361407
Provision_PT_838_Security_Camera,1000,1,28649,oas_covariance_ess,0.9998572,0.9928241206030151,0.013,1.0,193.06238645361407
Provision_PT_838_Security_Camera,1000,1,28649,shared_marginals,0.9997727599999999,0.988580904522613,0.0282,1.0,193.06238645361407
Provision_PT_838_Security_Camera,1000,2,59121,oas_nominal,0.99804176,0.9016422110552764,0.0416,1.0,307.38602477981937
Provision_PT_838_Security_Camera,1000,2,59121,oas_covariance_ess,0.99879672,0.9395336683417086,0.0388,1.0,307.38602477981937
Provision_PT_838_Security_Camera,1000,2,59121,shared_marginals,0.99841148,0.9201748743718594,0.04,1.0,307.38602477981937
Provision_PT_838_Security_Camera,1000,3,19852,oas_nominal,0.99922,0.9608040201005026,0.0256,1.0,168.33912020767085
Provision_PT_838_Security_Camera,1000,3,19852,oas_covariance_ess,0.9998763599999999,0.9937869346733669,0.0074,1.0,168.33912020767085
Provision_PT_838_Security_Camera,1000,3,19852,shared_marginals,0.9993518,0.9674271356783919,0.023,1.0,168.33912020767085
Provision_PT_838_Security_Camera,1000,4,20522,oas_nominal,0.9988885200000001,0.9441467336683418,0.033,1.0,171.2414293798603
Provision_PT_838_Security_Camera,1000,4,20522,oas_covariance_ess,0.999314,0.9655276381909548,0.0108,1.0,171.2414293798603
Provision_PT_838_Security_Camera,1000,4,20522,shared_marginals,0.99903832,0.9516743718592964,0.025,1.0,171.2414293798603
Provision_PT_838_Security_Camera,1000,5,50865,oas_nominal,0.9971523999999999,0.8579698492462311,0.186,1.0,350.28920056606
Provision_PT_838_Security_Camera,1000,5,50865,oas_covariance_ess,0.99878304,0.9388462311557788,0.1798,1.0,350.28920056606
Provision_PT_838_Security_Camera,1000,5,50865,shared_marginals,0.9979117599999999,0.895591959798995,0.1946,1.0,350.28920056606
Provision_PT_838_Security_Camera,1000,6,9756,oas_nominal,0.9986132,0.9303236180904523,0.006,0.999,167.92651691861667
Provision_PT_838_Security_Camera,1000,6,9756,oas_covariance_ess,0.99988708,0.9943256281407035,0.01,1.0,167.92651691861667
Provision_PT_838_Security_Camera,1000,6,9756,shared_marginals,0.99930056,0.9649206030150754,0.0036,0.999,167.92651691861667
Provision_PT_838_Security_Camera,1000,7,21233,oas_nominal,0.99895228,0.9473989949748745,0.037,1.0,185.21213687422838
Provision_PT_838_Security_Camera,1000,7,21233,oas_covariance_ess,0.9997579600000001,0.9878371859296482,0.0294,1.0,185.21213687422838
Provision_PT_838_Security_Camera,1000,7,21233,shared_marginals,0.99926536,0.9630834170854272,0.0332,1.0,185.21213687422838
Samsung_SNH_1011_N_Webcam,30,0,21793,oas_nominal,0.99918868,0.9592301507537688,0.0126,1.0,29.0
Samsung_SNH_1011_N_Webcam,30,0,21793,oas_covariance_ess,0.99918864,0.9592281407035176,0.0134,1.0,29.0
Samsung_SNH_1011_N_Webcam,30,0,21793,shared_marginals,0.99927168,0.9634010050251256,0.0452,1.0,29.0
Samsung_SNH_1011_N_Webcam,30,1,28810,oas_nominal,0.9999111199999999,0.9955336683417084,0.1222,1.0,29.0
Samsung_SNH_1011_N_Webcam,30,1,28810,oas_covariance_ess,0.99991108,0.9955316582914573,0.124,1.0,29.0
Samsung_SNH_1011_N_Webcam,30,1,28810,shared_marginals,0.99956276,0.9780281407035176,0.1204,1.0,29.0
Samsung_SNH_1011_N_Webcam,30,2,24023,oas_nominal,0.99924568,0.962094472361809,0.0136,1.0,29.0
Samsung_SNH_1011_N_Webcam,30,2,24023,oas_covariance_ess,0.9992458,0.9621005025125628,0.014,1.0,29.0
Samsung_SNH_1011_N_Webcam,30,2,24023,shared_marginals,0.99907252,0.9533929648241206,0.0312,1.0,29.0
Samsung_SNH_1011_N_Webcam,30,3,31897,oas_nominal,0.97727556,0.8009788944723618,0.0044,0.6054,29.0
Samsung_SNH_1011_N_Webcam,30,3,31897,oas_covariance_ess,0.97727584,0.8009929648241205,0.0044,0.6054,29.0
Samsung_SNH_1011_N_Webcam,30,3,31897,shared_marginals,0.98484644,0.8010914572864322,0.0044,0.6056,29.0
Samsung_SNH_1011_N_Webcam,30,4,23152,oas_nominal,0.99927404,0.9635195979899498,0.555,1.0,29.0
Samsung_SNH_1011_N_Webcam,30,4,23152,oas_covariance_ess,0.99927404,0.9635195979899498,0.5486,1.0,29.0
Samsung_SNH_1011_N_Webcam,30,4,23152,shared_marginals,0.99942552,0.9711316582914573,0.5056,1.0,29.0
Samsung_SNH_1011_N_Webcam,30,5,19966,oas_nominal,0.999509,0.9753266331658291,0.0128,1.0,29.0
Samsung_SNH_1011_N_Webcam,30,5,19966,oas_covariance_ess,0.9995088799999999,0.9753206030150754,0.0132,1.0,29.0
Samsung_SNH_1011_N_Webcam,30,5,19966,shared_marginals,0.99938324,0.9690070351758795,0.027,1.0,29.0
Samsung_SNH_1011_N_Webcam,30,6,5907,oas_nominal,0.99866484,0.9329065326633166,0.0118,1.0,29.0
Samsung_SNH_1011_N_Webcam,30,6,5907,oas_covariance_ess,0.99866448,0.9328884422110553,0.0122,1.0,29.0
Samsung_SNH_1011_N_Webcam,30,6,5907,shared_marginals,0.99881224,0.9403135678391961,0.0252,1.0,29.0
Samsung_SNH_1011_N_Webcam,30,7,7967,oas_nominal,0.9991668800000001,0.9581346733668341,0.0118,1.0,29.0
Samsung_SNH_1011_N_Webcam,30,7,7967,oas_covariance_ess,0.9991667200000001,0.9581266331658291,0.0124,1.0,29.0
Samsung_SNH_1011_N_Webcam,30,7,7967,shared_marginals,0.9990001599999999,0.949756783919598,0.0246,1.0,29.0
Samsung_SNH_1011_N_Webcam,100,0,10443,oas_nominal,0.9988218,0.9407939698492462,0.4738,1.0,99.0
Samsung_SNH_1011_N_Webcam,100,0,10443,oas_covariance_ess,0.99890428,0.9449386934673367,0.4734,1.0,99.0
Samsung_SNH_1011_N_Webcam,100,0,10443,shared_marginals,0.99908612,0.9540763819095478,0.4364,1.0,99.0
Samsung_SNH_1011_N_Webcam,100,1,26944,oas_nominal,0.9959337199999999,0.7956643216080401,0.044,1.0,99.0
Samsung_SNH_1011_N_Webcam,100,1,26944,oas_covariance_ess,0.9959357999999999,0.7957688442211055,0.0444,1.0,99.0
Samsung_SNH_1011_N_Webcam,100,1,26944,shared_marginals,0.9966139199999999,0.8298452261306533,0.0498,1.0,99.0
Samsung_SNH_1011_N_Webcam,100,2,29503,oas_nominal,0.9993868,0.9691859296482412,0.2482,1.0,99.0
Samsung_SNH_1011_N_Webcam,100,2,29503,oas_covariance_ess,0.99938676,0.96918391959799,0.2512,1.0,99.0
Samsung_SNH_1011_N_Webcam,100,2,29503,shared_marginals,0.99942412,0.9710613065326634,0.215,1.0,99.0
Samsung_SNH_1011_N_Webcam,100,3,15185,oas_nominal,0.99935564,0.9676201005025126,0.2536,1.0,99.0
Samsung_SNH_1011_N_Webcam,100,3,15185,oas_covariance_ess,0.9993555999999999,0.9676180904522612,0.254,1.0,99.0
Samsung_SNH_1011_N_Webcam,100,3,15185,shared_marginals,0.9993956,0.9696281407035177,0.2448,1.0,99.0
Samsung_SNH_1011_N_Webcam,100,4,23558,oas_nominal,0.9987638,0.9378793969849246,0.0748,1.0,99.0
Samsung_SNH_1011_N_Webcam,100,4,23558,oas_covariance_ess,0.99868256,0.9337969849246232,0.0752,1.0,99.0
Samsung_SNH_1011_N_Webcam,100,4,23558,shared_marginals,0.9984793200000001,0.92358391959799,0.0738,1.0,99.0
Samsung_SNH_1011_N_Webcam,100,5,31631,oas_nominal,0.99921096,0.9603497487437187,0.447,1.0,99.0
Samsung_SNH_1011_N_Webcam,100,5,31631,oas_covariance_ess,0.9992113199999999,0.9603678391959799,0.448,1.0,99.0
Samsung_SNH_1011_N_Webcam,100,5,31631,shared_marginals,0.99886208,0.9428180904522613,0.4658,1.0,99.0
Samsung_SNH_1011_N_Webcam,100,6,15954,oas_nominal,0.99732696,0.9537728643216081,0.0356,0.9996,45.42529391096309
Samsung_SNH_1011_N_Webcam,100,6,15954,oas_covariance_ess,0.99775592,0.9563356783919598,0.0356,0.9962,45.42529391096309
Samsung_SNH_1011_N_Webcam,100,6,15954,shared_marginals,0.99908624,0.9542733668341709,0.0038,0.9998,45.42529391096309
Samsung_SNH_1011_N_Webcam,100,7,7040,oas_nominal,0.99925308,0.9624663316582915,0.0958,1.0,99.0
Samsung_SNH_1011_N_Webcam,100,7,7040,oas_covariance_ess,0.9992532000000001,0.9624723618090453,0.0968,1.0,99.0
Samsung_SNH_1011_N_Webcam,100,7,7040,shared_marginals,0.99931212,0.9654331658291457,0.1004,1.0,99.0
Samsung_SNH_1011_N_Webcam,300,0,33196,oas_nominal,0.9976231600000001,0.9519095477386935,0.0,0.0,63.841379182017114
Samsung_SNH_1011_N_Webcam,300,0,33196,oas_covariance_ess,0.9998260800000001,0.9957527638190955,0.0,0.0,63.841379182017114
Samsung_SNH_1011_N_Webcam,300,0,33196,shared_marginals,0.99967056,0.9836100502512563,0.0,0.0,63.841379182017114
Samsung_SNH_1011_N_Webcam,300,1,29999,oas_nominal,0.9963134800000001,0.8147477386934674,0.1414,1.0,299.0
Samsung_SNH_1011_N_Webcam,300,1,29999,oas_covariance_ess,0.99631428,0.8147879396984925,0.1414,1.0,299.0
Samsung_SNH_1011_N_Webcam,300,1,29999,shared_marginals,0.99683708,0.8410592964824121,0.1408,1.0,299.0
Samsung_SNH_1011_N_Webcam,300,2,28107,oas_nominal,0.99867608,0.9334713567839197,0.5516,1.0,299.0
Samsung_SNH_1011_N_Webcam,300,2,28107,oas_covariance_ess,0.99867616,0.9334753768844222,0.5524,1.0,299.0
Samsung_SNH_1011_N_Webcam,300,2,28107,shared_marginals,0.99904648,0.9520844221105528,0.5542,1.0,299.0
Samsung_SNH_1011_N_Webcam,300,3,26133,oas_nominal,0.99600384,0.7991879396984924,0.0924,1.0,299.0
Samsung_SNH_1011_N_Webcam,300,3,26133,oas_covariance_ess,0.99600456,0.7992241206030151,0.0932,1.0,299.0
Samsung_SNH_1011_N_Webcam,300,3,26133,shared_marginals,0.99601064,0.799529648241206,0.093,1.0,299.0
Samsung_SNH_1011_N_Webcam,300,4,24923,oas_nominal,0.99819036,0.9090633165829146,0.2456,1.0,299.0
Samsung_SNH_1011_N_Webcam,300,4,24923,oas_covariance_ess,0.9981904,0.9090653266331659,0.2456,1.0,299.0
Samsung_SNH_1011_N_Webcam,300,4,24923,shared_marginals,0.99815332,0.9072020100502513,0.245,1.0,299.0
Samsung_SNH_1011_N_Webcam,300,5,24448,oas_nominal,0.99790508,0.8947276381909548,0.399,1.0,299.0
Samsung_SNH_1011_N_Webcam,300,5,24448,oas_covariance_ess,0.99790524,0.8947356783919598,0.3996,1.0,299.0
Samsung_SNH_1011_N_Webcam,300,5,24448,shared_marginals,0.9980587200000001,0.9024482412060302,0.4208,1.0,299.0
Samsung_SNH_1011_N_Webcam,300,6,23434,oas_nominal,0.99780816,0.8898572864321608,0.2058,1.0,299.0
Samsung_SNH_1011_N_Webcam,300,6,23434,oas_covariance_ess,0.9978082,0.8898592964824121,0.2064,1.0,299.0
Samsung_SNH_1011_N_Webcam,300,6,23434,shared_marginals,0.9976073599999999,0.8797668341708542,0.2016,1.0,299.0
Samsung_SNH_1011_N_Webcam,300,7,24404,oas_nominal,0.99764996,0.8819075376884422,0.427,1.0,299.0
Samsung_SNH_1011_N_Webcam,300,7,24404,oas_covariance_ess,0.99764996,0.8819075376884422,0.4274,1.0,299.0
Samsung_SNH_1011_N_Webcam,300,7,24404,shared_marginals,0.9978092,0.8899095477386935,0.4252,1.0,299.0
Samsung_SNH_1011_N_Webcam,1000,0,930,oas_nominal,0.99855184,0.9272281407035176,0.0526,1.0,999.0
Samsung_SNH_1011_N_Webcam,1000,0,930,oas_covariance_ess,0.99855184,0.9272281407035176,0.0526,1.0,999.0
Samsung_SNH_1011_N_Webcam,1000,0,930,shared_marginals,0.99846764,0.9229969849246231,0.0618,1.0,999.0
Samsung_SNH_1011_N_Webcam,1000,1,20948,oas_nominal,0.9982608000000001,0.9126030150753769,0.0804,1.0,999.0
Samsung_SNH_1011_N_Webcam,1000,1,20948,oas_covariance_ess,0.9982608000000001,0.9126030150753769,0.0804,1.0,999.0
Samsung_SNH_1011_N_Webcam,1000,1,20948,shared_marginals,0.99825456,0.9122894472361809,0.0786,1.0,999.0
Samsung_SNH_1011_N_Webcam,1000,2,12337,oas_nominal,0.9988659599999999,0.9430130653266331,0.072,1.0,999.0
Samsung_SNH_1011_N_Webcam,1000,2,12337,oas_covariance_ess,0.9988659599999999,0.9430130653266331,0.072,1.0,999.0
Samsung_SNH_1011_N_Webcam,1000,2,12337,shared_marginals,0.9988007999999999,0.9397386934673366,0.0688,1.0,999.0
Samsung_SNH_1011_N_Webcam,1000,3,14698,oas_nominal,0.99749444,0.8740924623115578,0.0,0.5944,165.52758960916293
Samsung_SNH_1011_N_Webcam,1000,3,14698,oas_covariance_ess,0.99919188,0.9593909547738693,0.0,0.396,165.52758960916293
Samsung_SNH_1011_N_Webcam,1000,3,14698,shared_marginals,0.9959585599999999,0.7969125628140703,0.0,0.5872,165.52758960916293
Samsung_SNH_1011_N_Webcam,1000,4,27352,oas_nominal,0.99940636,0.9701688442211056,0.0422,1.0,999.0
Samsung_SNH_1011_N_Webcam,1000,4,27352,oas_covariance_ess,0.9994064,0.9701708542713567,0.0422,1.0,999.0
Samsung_SNH_1011_N_Webcam,1000,4,27352,shared_marginals,0.9994732399999999,0.9735296482412061,0.043,1.0,999.0
Samsung_SNH_1011_N_Webcam,1000,5,14977,oas_nominal,0.9971483600000001,0.8567015075376885,0.0,0.0,171.21478358148195
Samsung_SNH_1011_N_Webcam,1000,5,14977,oas_covariance_ess,0.99889288,0.9443658291457286,0.0,0.0,171.21478358148195
Samsung_SNH_1011_N_Webcam,1000,5,14977,shared_marginals,0.99200812,0.8010653266331659,0.0,0.0,171.21478358148195
Samsung_SNH_1011_N_Webcam,1000,6,1723,oas_nominal,0.99847256,0.9232442211055276,0.0766,1.0,999.0
Samsung_SNH_1011_N_Webcam,1000,6,1723,oas_covariance_ess,0.99847256,0.9232442211055276,0.0766,1.0,999.0
Samsung_SNH_1011_N_Webcam,1000,6,1723,shared_marginals,0.9989430800000001,0.9468884422110553,0.088,1.0,999.0
Samsung_SNH_1011_N_Webcam,1000,7,1417,oas_nominal,0.9988114,0.9402713567839196,0.0796,1.0,999.0
Samsung_SNH_1011_N_Webcam,1000,7,1417,oas_covariance_ess,0.9988114,0.9402713567839196,0.0796,1.0,999.0
Samsung_SNH_1011_N_Webcam,1000,7,1417,shared_marginals,0.99894008,0.9467376884422112,0.0934,1.0,999.0
SimpleHome_XCS7_1002_WHT_Security_Camera,30,0,1704,oas_nominal,0.55592996,0.581929648241206,1.0,1.0,7.904552455397568
SimpleHome_XCS7_1002_WHT_Security_Camera,30,0,1704,oas_covariance_ess,0.58021,0.6234713567839196,1.0,1.0,7.904552455397568
SimpleHome_XCS7_1002_WHT_Security_Camera,30,0,1704,shared_marginals,0.99980868,0.9903859296482411,1.0,1.0,7.904552455397568
SimpleHome_XCS7_1002_WHT_Security_Camera,30,1,4165,oas_nominal,0.9985027200000001,0.9285587939698492,0.0622,1.0,18.041594460789394
SimpleHome_XCS7_1002_WHT_Security_Camera,30,1,4165,oas_covariance_ess,0.99871384,0.9381748743718593,0.049,1.0,18.041594460789394
SimpleHome_XCS7_1002_WHT_Security_Camera,30,1,4165,shared_marginals,0.99911264,0.957505527638191,0.0604,1.0,18.041594460789394
SimpleHome_XCS7_1002_WHT_Security_Camera,30,2,19763,oas_nominal,0.99785868,0.8948522613065327,0.1028,1.0,17.84711702897439
SimpleHome_XCS7_1002_WHT_Security_Camera,30,2,19763,oas_covariance_ess,0.99820904,0.9118311557788945,0.0934,1.0,17.84711702897439
SimpleHome_XCS7_1002_WHT_Security_Camera,30,2,19763,shared_marginals,0.9993268399999999,0.9674170854271356,0.101,1.0,17.84711702897439
SimpleHome_XCS7_1002_WHT_Security_Camera,30,3,5928,oas_nominal,0.9985674,0.931348743718593,0.1588,1.0,14.748549804626283
SimpleHome_XCS7_1002_WHT_Security_Camera,30,3,5928,oas_covariance_ess,0.99886872,0.9460603015075377,0.1244,1.0,14.748549804626283
SimpleHome_XCS7_1002_WHT_Security_Camera,30,3,5928,shared_marginals,0.999182,0.9612040201005025,0.1148,1.0,14.748549804626283
SimpleHome_XCS7_1002_WHT_Security_Camera,30,4,27416,oas_nominal,0.99856672,0.9319778894472361,0.1722,1.0,16.27320655932807
SimpleHome_XCS7_1002_WHT_Security_Camera,30,4,27416,oas_covariance_ess,0.99878632,0.9424,0.118,1.0,16.27320655932807
SimpleHome_XCS7_1002_WHT_Security_Camera,30,4,27416,shared_marginals,0.9990252399999999,0.95404824120603,0.2386,1.0,16.27320655932807
SimpleHome_XCS7_1002_WHT_Security_Camera,30,5,15038,oas_nominal,0.99866076,0.9344281407035178,0.0244,0.9998,16.22594760122994
SimpleHome_XCS7_1002_WHT_Security_Camera,30,5,15038,oas_covariance_ess,0.99942184,0.9723095477386934,0.0212,0.999,16.22594760122994
SimpleHome_XCS7_1002_WHT_Security_Camera,30,5,15038,shared_marginals,0.99893628,0.9477668341708543,0.0262,1.0,16.22594760122994
SimpleHome_XCS7_1002_WHT_Security_Camera,30,6,26233,oas_nominal,0.99862904,0.9328984924623116,0.3116,1.0,13.197287684568572
SimpleHome_XCS7_1002_WHT_Security_Camera,30,6,26233,oas_covariance_ess,0.99893872,0.9479798994974875,0.2386,1.0,13.197287684568572
SimpleHome_XCS7_1002_WHT_Security_Camera,30,6,26233,shared_marginals,0.99939172,0.9704723618090452,0.2996,1.0,13.197287684568572
SimpleHome_XCS7_1002_WHT_Security_Camera,30,7,12047,oas_nominal,0.9991889199999999,0.9616804020100502,0.162,1.0,10.737085574927198
SimpleHome_XCS7_1002_WHT_Security_Camera,30,7,12047,oas_covariance_ess,0.99932376,0.9675256281407035,0.059,1.0,10.737085574927198
SimpleHome_XCS7_1002_WHT_Security_Camera,30,7,12047,shared_marginals,0.9994594800000001,0.974094472361809,0.193,1.0,10.737085574927198
SimpleHome_XCS7_1002_WHT_Security_Camera,100,0,14079,oas_nominal,0.99991068,0.9957045226130653,0.0,0.3448,22.975883678400045
SimpleHome_XCS7_1002_WHT_Security_Camera,100,0,14079,oas_covariance_ess,0.99996708,0.9983879396984925,0.0,0.0,22.975883678400045
SimpleHome_XCS7_1002_WHT_Security_Camera,100,0,14079,shared_marginals,0.99976696,0.9884804020100504,0.0002,0.78,22.975883678400045
SimpleHome_XCS7_1002_WHT_Security_Camera,100,1,9280,oas_nominal,0.99711468,0.8722311557788944,0.0448,1.0,50.77193784608575
SimpleHome_XCS7_1002_WHT_Security_Camera,100,1,9280,oas_covariance_ess,0.99768388,0.8860442211055277,0.0466,1.0,50.77193784608575
SimpleHome_XCS7_1002_WHT_Security_Camera,100,1,9280,shared_marginals,0.99853852,0.9290271356783919,0.0666,1.0,50.77193784608575
SimpleHome_XCS7_1002_WHT_Security_Camera,100,2,30539,oas_nominal,0.91109188,0.8679839195979899,0.0,0.4964,52.706017479102364
SimpleHome_XCS7_1002_WHT_Security_Camera,100,2,30539,oas_covariance_ess,0.90605192,0.8810110552763819,0.0,0.4844,52.706017479102364
SimpleHome_XCS7_1002_WHT_Security_Camera,100,2,30539,shared_marginals,0.9994474400000001,0.9725266331658292,0.0,0.6026,52.706017479102364
SimpleHome_XCS7_1002_WHT_Security_Camera,100,3,20732,oas_nominal,0.99858592,0.9317226130653267,0.1214,1.0,42.03130777151298
SimpleHome_XCS7_1002_WHT_Security_Camera,100,3,20732,oas_covariance_ess,0.99866276,0.935121608040201,0.1226,1.0,42.03130777151298
SimpleHome_XCS7_1002_WHT_Security_Camera,100,3,20732,shared_marginals,0.9989395600000001,0.9485507537688442,0.1238,1.0,42.03130777151298
SimpleHome_XCS7_1002_WHT_Security_Camera,100,4,11668,oas_nominal,0.99964676,0.9824321608040201,0.0144,1.0,24.127882341848196
SimpleHome_XCS7_1002_WHT_Security_Camera,100,4,11668,oas_covariance_ess,0.99974804,0.9873447236180904,0.0152,1.0,24.127882341848196
SimpleHome_XCS7_1002_WHT_Security_Camera,100,4,11668,shared_marginals,0.9994638,0.9731758793969849,0.0188,1.0,24.127882341848196
SimpleHome_XCS7_1002_WHT_Security_Camera,100,5,10234,oas_nominal,0.99990244,0.995097487437186,0.0214,1.0,31.47797884421628
SimpleHome_XCS7_1002_WHT_Security_Camera,100,5,10234,oas_covariance_ess,0.9999313999999999,0.9965527638190954,0.0266,1.0,31.47797884421628
SimpleHome_XCS7_1002_WHT_Security_Camera,100,5,10234,shared_marginals,0.9996562,0.982729648241206,0.0276,1.0,31.47797884421628
SimpleHome_XCS7_1002_WHT_Security_Camera,100,6,23987,oas_nominal,0.99902036,0.9549829145728643,0.1024,1.0,42.403025556949146
SimpleHome_XCS7_1002_WHT_Security_Camera,100,6,23987,oas_covariance_ess,0.99923752,0.9644241206030151,0.0984,1.0,42.403025556949146
SimpleHome_XCS7_1002_WHT_Security_Camera,100,6,23987,shared_marginals,0.9993683999999999,0.9706492462311558,0.1016,1.0,42.403025556949146
SimpleHome_XCS7_1002_WHT_Security_Camera,100,7,29417,oas_nominal,0.99846952,0.9276703517587941,0.7564,1.0,43.099217358071556
SimpleHome_XCS7_1002_WHT_Security_Camera,100,7,29417,oas_covariance_ess,0.99892772,0.947867336683417,0.6132,1.0,43.099217358071556
SimpleHome_XCS7_1002_WHT_Security_Camera,100,7,29417,shared_marginals,0.99889324,0.9455819095477387,0.1636,1.0,43.099217358071556
SimpleHome_XCS7_1002_WHT_Security_Camera,300,0,19135,oas_nominal,0.9786833199999999,0.5808361809045226,0.0,0.0,34.527564425780504
SimpleHome_XCS7_1002_WHT_Security_Camera,300,0,19135,oas_covariance_ess,0.9881700399999999,0.7105668341708543,0.0,0.0,34.527564425780504
SimpleHome_XCS7_1002_WHT_Security_Camera,300,0,19135,shared_marginals,0.9753218,0.5214854271356784,0.0,0.0,34.527564425780504
SimpleHome_XCS7_1002_WHT_Security_Camera,300,1,5558,oas_nominal,0.9934042399999999,0.821278391959799,0.1044,1.0,144.0691272638575
SimpleHome_XCS7_1002_WHT_Security_Camera,300,1,5558,oas_covariance_ess,0.9951046,0.8629628140703518,0.1026,1.0,144.0691272638575
SimpleHome_XCS7_1002_WHT_Security_Camera,300,1,5558,shared_marginals,0.9966367199999999,0.878321608040201,0.1038,1.0,144.0691272638575
SimpleHome_XCS7_1002_WHT_Security_Camera,300,2,744,oas_nominal,0.9999756399999999,0.998775879396985,0.0044,1.0,67.09546578281319
SimpleHome_XCS7_1002_WHT_Security_Camera,300,2,744,oas_covariance_ess,0.99997884,0.9989366834170854,0.0044,1.0,67.09546578281319
SimpleHome_XCS7_1002_WHT_Security_Camera,300,2,744,shared_marginals,0.99992676,0.9963195979899497,0.0044,1.0,67.09546578281319
SimpleHome_XCS7_1002_WHT_Security_Camera,300,3,18512,oas_nominal,0.9995904800000001,0.9797889447236181,0.0,0.617,61.10371385274834
SimpleHome_XCS7_1002_WHT_Security_Camera,300,3,18512,oas_covariance_ess,0.99981952,0.9911115577889448,0.0,0.094,61.10371385274834
SimpleHome_XCS7_1002_WHT_Security_Camera,300,3,18512,shared_marginals,0.9981555599999999,0.9076522613065328,0.0064,0.9706,61.10371385274834
SimpleHome_XCS7_1002_WHT_Security_Camera,300,4,29115,oas_nominal,0.9827140799999999,0.7408964824120603,0.0272,0.539,45.39499032650982
SimpleHome_XCS7_1002_WHT_Security_Camera,300,4,29115,oas_covariance_ess,0.98649656,0.7586854271356784,0.0,0.4826,45.39499032650982
SimpleHome_XCS7_1002_WHT_Security_Camera,300,4,29115,shared_marginals,0.98319292,0.7409065326633166,0.028,0.608,45.39499032650982
SimpleHome_XCS7_1002_WHT_Security_Camera,300,5,17467,oas_nominal,0.99625044,0.8732663316582915,0.1008,1.0,102.22133994021999
SimpleHome_XCS7_1002_WHT_Security_Camera,300,5,17467,oas_covariance_ess,0.99833196,0.9276321608040201,0.105,1.0,102.22133994021999
SimpleHome_XCS7_1002_WHT_Security_Camera,300,5,17467,shared_marginals,0.9984754800000001,0.9393386934673367,0.106,1.0,102.22133994021999
SimpleHome_XCS7_1002_WHT_Security_Camera,300,6,5568,oas_nominal,0.9932803200000001,0.8213929648241207,0.111,1.0,143.81696827603895
SimpleHome_XCS7_1002_WHT_Security_Camera,300,6,5568,oas_covariance_ess,0.9948985199999999,0.8591356783919599,0.1092,1.0,143.81696827603895
SimpleHome_XCS7_1002_WHT_Security_Camera,300,6,5568,shared_marginals,0.9967813999999999,0.8742311557788944,0.11,1.0,143.81696827603895
SimpleHome_XCS7_1002_WHT_Security_Camera,300,7,4713,oas_nominal,0.99458092,0.8115859296482412,0.1128,1.0,131.1822187712936
SimpleHome_XCS7_1002_WHT_Security_Camera,300,7,4713,oas_covariance_ess,0.9967894399999999,0.8519336683417085,0.1052,1.0,131.1822187712936
SimpleHome_XCS7_1002_WHT_Security_Camera,300,7,4713,shared_marginals,0.9973493999999999,0.8733226130653267,0.1084,1.0,131.1822187712936
SimpleHome_XCS7_1002_WHT_Security_Camera,1000,0,6964,oas_nominal,0.9879906399999999,0.7476522613065326,0.1524,1.0,455.3134785859983
SimpleHome_XCS7_1002_WHT_Security_Camera,1000,0,6964,oas_covariance_ess,0.98956588,0.7800864321608041,0.143,1.0,455.3134785859983
SimpleHome_XCS7_1002_WHT_Security_Camera,1000,0,6964,shared_marginals,0.99064708,0.7889889447236181,0.1454,1.0,455.3134785859983
SimpleHome_XCS7_1002_WHT_Security_Camera,1000,1,8698,oas_nominal,0.9907906,0.7534512562814071,0.1296,1.0,411.45728174854435
SimpleHome_XCS7_1002_WHT_Security_Camera,1000,1,8698,oas_covariance_ess,0.99431552,0.8279115577889448,0.1236,1.0,411.45728174854435
SimpleHome_XCS7_1002_WHT_Security_Camera,1000,1,8698,shared_marginals,0.9968195999999999,0.8579839195979899,0.124,1.0,411.45728174854435
SimpleHome_XCS7_1002_WHT_Security_Camera,1000,2,28907,oas_nominal,0.98495692,0.7348562814070352,0.0,0.0,82.39892844006961
SimpleHome_XCS7_1002_WHT_Security_Camera,1000,2,28907,oas_covariance_ess,0.99170472,0.8393487437185929,0.0,0.0,82.39892844006961
SimpleHome_XCS7_1002_WHT_Security_Camera,1000,2,28907,shared_marginals,0.9857218,0.7482814070351759,0.0,0.0,82.39892844006961
SimpleHome_XCS7_1002_WHT_Security_Camera,1000,3,13225,oas_nominal,0.9960777599999999,0.8030552763819095,0.0762,1.0,186.73692155726863
SimpleHome_XCS7_1002_WHT_Security_Camera,1000,3,13225,oas_covariance_ess,0.9972335200000001,0.861027135678392,0.0616,1.0,186.73692155726863
SimpleHome_XCS7_1002_WHT_Security_Camera,1000,3,13225,shared_marginals,0.9962247200000001,0.8104020100502513,0.0758,1.0,186.73692155726863
SimpleHome_XCS7_1002_WHT_Security_Camera,1000,4,3903,oas_nominal,0.9898364,0.7497989949748745,0.1372,1.0,433.5934755484047
SimpleHome_XCS7_1002_WHT_Security_Camera,1000,4,3903,oas_covariance_ess,0.99378336,0.7978070351758795,0.1324,1.0,433.5934755484047
SimpleHome_XCS7_1002_WHT_Security_Camera,1000,4,3903,shared_marginals,0.99588968,0.8246231155778895,0.1328,1.0,433.5934755484047
SimpleHome_XCS7_1002_WHT_Security_Camera,1000,5,5786,oas_nominal,0.99087184,0.7737809045226131,0.143,1.0,419.55856673926303
SimpleHome_XCS7_1002_WHT_Security_Camera,1000,5,5786,oas_covariance_ess,0.9938627999999999,0.8342211055276383,0.1278,1.0,419.55856673926303
SimpleHome_XCS7_1002_WHT_Security_Camera,1000,5,5786,shared_marginals,0.9961041599999999,0.8697668341708542,0.13,1.0,419.55856673926303
SimpleHome_XCS7_1002_WHT_Security_Camera,1000,6,28718,oas_nominal,0.9882934800000001,0.7017045226130654,0.0166,0.4778,134.55333458918264
SimpleHome_XCS7_1002_WHT_Security_Camera,1000,6,28718,oas_covariance_ess,0.9902212,0.7378733668341708,0.0,0.4062,134.55333458918264
SimpleHome_XCS7_1002_WHT_Security_Camera,1000,6,28718,shared_marginals,0.98824968,0.7095316582914573,0.0166,0.4784,134.55333458918264
SimpleHome_XCS7_1002_WHT_Security_Camera,1000,7,4611,oas_nominal,0.99501228,0.7798070351758795,0.0,0.0,150.35036566157422
SimpleHome_XCS7_1002_WHT_Security_Camera,1000,7,4611,oas_covariance_ess,0.99736092,0.8674130653266332,0.0,0.0,150.35036566157422
SimpleHome_XCS7_1002_WHT_Security_Camera,1000,7,4611,shared_marginals,0.99295932,0.7785145728643216,0.0,0.048,150.35036566157422
SimpleHome_XCS7_1003_WHT_Security_Camera,30,0,12275,oas_nominal,0.9999996800000001,0.9999839195979899,0.9636,1.0,29.0
SimpleHome_XCS7_1003_WHT_Security_Camera,30,0,12275,oas_covariance_ess,0.9999996800000001,0.9999839195979899,0.9662,1.0,29.0
SimpleHome_XCS7_1003_WHT_Security_Camera,30,0,12275,shared_marginals,0.99999908,0.999953768844221,0.9598,1.0,29.0
SimpleHome_XCS7_1003_WHT_Security_Camera,30,1,2975,oas_nominal,0.99999976,0.9999879396984924,0.2058,1.0,29.0
SimpleHome_XCS7_1003_WHT_Security_Camera,30,1,2975,oas_covariance_ess,0.99999976,0.9999879396984924,0.2038,1.0,29.0
SimpleHome_XCS7_1003_WHT_Security_Camera,30,1,2975,shared_marginals,0.99999868,0.9999336683417086,0.155,1.0,29.0
SimpleHome_XCS7_1003_WHT_Security_Camera,30,2,6607,oas_nominal,0.99999984,0.9999919597989949,0.0732,1.0,26.133163470657987
SimpleHome_XCS7_1003_WHT_Security_Camera,30,2,6607,oas_covariance_ess,0.99999984,0.9999919597989949,0.0766,1.0,26.133163470657987
SimpleHome_XCS7_1003_WHT_Security_Camera,30,2,6607,shared_marginals,0.9999986399999999,0.9999316582914572,0.0652,1.0,26.133163470657987
SimpleHome_XCS7_1003_WHT_Security_Camera,30,3,10756,oas_nominal,1.0,1.0,0.1226,1.0,29.0
SimpleHome_XCS7_1003_WHT_Security_Camera,30,3,10756,oas_covariance_ess,1.0,1.0,0.123,1.0,29.0
SimpleHome_XCS7_1003_WHT_Security_Camera,30,3,10756,shared_marginals,0.99999852,0.9999256281407035,0.1054,1.0,29.0
SimpleHome_XCS7_1003_WHT_Security_Camera,30,4,3651,oas_nominal,0.99999964,0.9999819095477387,0.0818,1.0,29.0
SimpleHome_XCS7_1003_WHT_Security_Camera,30,4,3651,oas_covariance_ess,0.99999964,0.9999819095477387,0.0828,1.0,29.0
SimpleHome_XCS7_1003_WHT_Security_Camera,30,4,3651,shared_marginals,0.99999944,0.9999718592964824,0.0792,1.0,29.0
SimpleHome_XCS7_1003_WHT_Security_Camera,30,5,195,oas_nominal,0.9999252799999999,0.9962452261306532,0.0002,0.985,22.60816600677433
SimpleHome_XCS7_1003_WHT_Security_Camera,30,5,195,oas_covariance_ess,0.9999304,0.996502512562814,0.0002,0.7272,22.60816600677433
SimpleHome_XCS7_1003_WHT_Security_Camera,30,5,195,shared_marginals,0.9999424,0.9971055276381908,0.626,1.0,22.60816600677433
SimpleHome_XCS7_1003_WHT_Security_Camera,30,6,3626,oas_nominal,0.9999994000000001,0.9999698492462312,0.087,1.0,29.0
SimpleHome_XCS7_1003_WHT_Security_Camera,30,6,3626,oas_covariance_ess,0.9999994400000001,0.9999718592964824,0.0884,1.0,29.0
SimpleHome_XCS7_1003_WHT_Security_Camera,30,6,3626,shared_marginals,0.99999416,0.9997065326633165,0.0906,1.0,29.0
SimpleHome_XCS7_1003_WHT_Security_Camera,30,7,12420,oas_nominal,0.99999968,0.9999839195979899,0.0786,1.0,23.016246034161007
SimpleHome_XCS7_1003_WHT_Security_Camera,30,7,12420,oas_covariance_ess,0.99999968,0.9999839195979899,0.0888,1.0,23.016246034161007
SimpleHome_XCS7_1003_WHT_Security_Camera,30,7,12420,shared_marginals,0.99999968,0.9999839195979899,0.078,1.0,23.016246034161007
SimpleHome_XCS7_1003_WHT_Security_Camera,100,0,7098,oas_nominal,1.0,1.0,0.1384,1.0,99.0
SimpleHome_XCS7_1003_WHT_Security_Camera,100,0,7098,oas_covariance_ess,1.0,1.0,0.1386,1.0,99.0
SimpleHome_XCS7_1003_WHT_Security_Camera,100,0,7098,shared_marginals,0.99999952,0.999975879396985,0.1604,1.0,99.0
SimpleHome_XCS7_1003_WHT_Security_Camera,100,1,4565,oas_nominal,1.0,1.0,0.0714,1.0,99.0
SimpleHome_XCS7_1003_WHT_Security_Camera,100,1,4565,oas_covariance_ess,1.0,1.0,0.0714,1.0,99.0
SimpleHome_XCS7_1003_WHT_Security_Camera,100,1,4565,shared_marginals,1.0,1.0,0.05,1.0,99.0
SimpleHome_XCS7_1003_WHT_Security_Camera,100,2,3634,oas_nominal,1.0,1.0,0.2256,1.0,99.0
SimpleHome_XCS7_1003_WHT_Security_Camera,100,2,3634,oas_covariance_ess,1.0,1.0,0.2254,1.0,99.0
SimpleHome_XCS7_1003_WHT_Security_Camera,100,2,3634,shared_marginals,0.99999952,0.999975879396985,0.1862,1.0,99.0
SimpleHome_XCS7_1003_WHT_Security_Camera,100,3,3497,oas_nominal,1.0,1.0,0.4324,1.0,99.0
SimpleHome_XCS7_1003_WHT_Security_Camera,100,3,3497,oas_covariance_ess,1.0,1.0,0.433,1.0,99.0
SimpleHome_XCS7_1003_WHT_Security_Camera,100,3,3497,shared_marginals,0.9999963199999999,0.9998150753768844,0.4364,1.0,99.0
SimpleHome_XCS7_1003_WHT_Security_Camera,100,4,9384,oas_nominal,1.0,1.0,0.0132,1.0,77.012098361124
SimpleHome_XCS7_1003_WHT_Security_Camera,100,4,9384,oas_covariance_ess,1.0,1.0,0.0128,1.0,77.012098361124
SimpleHome_XCS7_1003_WHT_Security_Camera,100,4,9384,shared_marginals,0.99999996,0.9999979899497488,0.013,1.0,77.012098361124
SimpleHome_XCS7_1003_WHT_Security_Camera,100,5,8246,oas_nominal,1.0,1.0,0.0268,1.0,99.0
SimpleHome_XCS7_1003_WHT_Security_Camera,100,5,8246,oas_covariance_ess,1.0,1.0,0.0274,1.0,99.0
SimpleHome_XCS7_1003_WHT_Security_Camera,100,5,8246,shared_marginals,0.9999998800000001,0.9999939698492462,0.0342,1.0,99.0
SimpleHome_XCS7_1003_WHT_Security_Camera,100,6,12198,oas_nominal,0.9999959599999999,0.9997969849246231,0.9916,1.0,99.0
SimpleHome_XCS7_1003_WHT_Security_Camera,100,6,12198,oas_covariance_ess,0.99999604,0.9998010050251256,0.9916,1.0,99.0
SimpleHome_XCS7_1003_WHT_Security_Camera,100,6,12198,shared_marginals,0.9999931599999999,0.9996562814070351,0.9956,1.0,99.0
SimpleHome_XCS7_1003_WHT_Security_Camera,100,7,5721,oas_nominal,1.0,1.0,0.0144,1.0,99.0
SimpleHome_XCS7_1003_WHT_Security_Camera,100,7,5721,oas_covariance_ess,1.0,1.0,0.0144,1.0,99.0
SimpleHome_XCS7_1003_WHT_Security_Camera,100,7,5721,shared_marginals,0.99999892,0.9999457286432161,0.0114,1.0,99.0
SimpleHome_XCS7_1003_WHT_Security_Camera,300,0,6377,oas_nominal,0.9999922,0.999608040201005,0.0,0.0058,51.0451236298216
SimpleHome_XCS7_1003_WHT_Security_Camera,300,0,6377,oas_covariance_ess,0.99999892,0.9999457286432161,0.0,0.0,51.0451236298216
SimpleHome_XCS7_1003_WHT_Security_Camera,300,0,6377,shared_marginals,0.9999996800000001,0.9999839195979899,0.0,0.5168,51.0451236298216
SimpleHome_XCS7_1003_WHT_Security_Camera,300,1,4614,oas_nominal,0.9999996,0.9999798994974874,0.0332,1.0,299.0
SimpleHome_XCS7_1003_WHT_Security_Camera,300,1,4614,oas_covariance_ess,0.9999996,0.9999798994974874,0.0332,1.0,299.0
SimpleHome_XCS7_1003_WHT_Security_Camera,300,1,4614,shared_marginals,0.9999992799999999,0.9999638190954774,0.0342,1.0,299.0
SimpleHome_XCS7_1003_WHT_Security_Camera,300,2,692,oas_nominal,1.0,1.0,0.0098,1.0,166.8479702510427
SimpleHome_XCS7_1003_WHT_Security_Camera,300,2,692,oas_covariance_ess,1.0,1.0,0.0062,1.0,166.8479702510427
SimpleHome_XCS7_1003_WHT_Security_Camera,300,2,692,shared_marginals,1.0,1.0,0.0106,1.0,166.8479702510427
SimpleHome_XCS7_1003_WHT_Security_Camera,300,3,11655,oas_nominal,0.99960616,0.9802090452261307,0.0,0.7146,39.09383273313572
SimpleHome_XCS7_1003_WHT_Security_Camera,300,3,11655,oas_covariance_ess,0.99983192,0.9915537688442211,0.0,0.4454,39.09383273313572
SimpleHome_XCS7_1003_WHT_Security_Camera,300,3,11655,shared_marginals,0.99978956,0.9894251256281408,0.0,0.778,39.09383273313572
SimpleHome_XCS7_1003_WHT_Security_Camera,300,4,3826,oas_nominal,0.9999979600000001,0.999897487437186,0.0002,1.0,267.6453656321282
SimpleHome_XCS7_1003_WHT_Security_Camera,300,4,3826,oas_covariance_ess,0.99999816,0.9999075376884421,0.0004,1.0,267.6453656321282
SimpleHome_XCS7_1003_WHT_Security_Camera,300,4,3826,shared_marginals,0.9999988000000001,0.9999396984924623,0.0016,1.0,267.6453656321282
SimpleHome_XCS7_1003_WHT_Security_Camera,300,5,5868,oas_nominal,0.9944766399999999,0.8993708542713568,0.0,0.4174,53.645061641327274
SimpleHome_XCS7_1003_WHT_Security_Camera,300,5,5868,oas_covariance_ess,0.99897132,0.9483075376884422,0.0,0.0076,53.645061641327274
SimpleHome_XCS7_1003_WHT_Security_Camera,300,5,5868,shared_marginals,0.99665644,0.8995718592964824,0.0,0.4174,53.645061641327274
SimpleHome_XCS7_1003_WHT_Security_Camera,300,6,11568,oas_nominal,0.99999964,0.9999819095477387,0.0198,1.0,258.3530202823333
SimpleHome_XCS7_1003_WHT_Security_Camera,300,6,11568,oas_covariance_ess,0.99999964,0.9999819095477387,0.0212,1.0,258.3530202823333
SimpleHome_XCS7_1003_WHT_Security_Camera,300,6,11568,shared_marginals,0.9999994,0.9999698492462312,0.0168,1.0,258.3530202823333
SimpleHome_XCS7_1003_WHT_Security_Camera,300,7,539,oas_nominal,1.0,1.0,0.018,1.0,168.756774387201
SimpleHome_XCS7_1003_WHT_Security_Camera,300,7,539,oas_covariance_ess,1.0,1.0,0.0154,1.0,168.756774387201
SimpleHome_XCS7_1003_WHT_Security_Camera,300,7,539,shared_marginals,0.99999992,0.9999959798994974,0.017,1.0,168.756774387201
SimpleHome_XCS7_1003_WHT_Security_Camera,1000,0,84,oas_nominal,0.9999436,0.9971658291457286,0.0,0.0,123.85793979204236
SimpleHome_XCS7_1003_WHT_Security_Camera,1000,0,84,oas_covariance_ess,0.9999998,0.9999899497487437,0.0,0.0,123.85793979204236
SimpleHome_XCS7_1003_WHT_Security_Camera,1000,0,84,shared_marginals,0.99991884,0.9959216080402009,0.0,0.4278,123.85793979204236
SimpleHome_XCS7_1003_WHT_Security_Camera,1000,1,8920,oas_nominal,1.0,1.0,0.0044,1.0,876.2758846853125
SimpleHome_XCS7_1003_WHT_Security_Camera,1000,1,8920,oas_covariance_ess,1.0,1.0,0.0056,1.0,876.2758846853125
SimpleHome_XCS7_1003_WHT_Security_Camera,1000,1,8920,shared_marginals,1.0,1.0,0.006,1.0,876.2758846853125
SimpleHome_XCS7_1003_WHT_Security_Camera,1000,2,5836,oas_nominal,0.99847844,0.9235396984924623,0.0,0.4122,139.83363333292093
SimpleHome_XCS7_1003_WHT_Security_Camera,1000,2,5836,oas_covariance_ess,0.99976208,0.9880442211055277,0.0,0.4116,139.83363333292093
SimpleHome_XCS7_1003_WHT_Security_Camera,1000,2,5836,shared_marginals,0.998564,0.9278391959798995,0.0,0.4122,139.83363333292093
SimpleHome_XCS7_1003_WHT_Security_Camera,1000,3,11577,oas_nominal,0.99664596,0.897191959798995,0.0,0.5216,145.60963605871478
SimpleHome_XCS7_1003_WHT_Security_Camera,1000,3,11577,oas_covariance_ess,0.99934588,0.9671296482412061,0.0,0.7918,145.60963605871478
SimpleHome_XCS7_1003_WHT_Security_Camera,1000,3,11577,shared_marginals,0.99787384,0.8972663316582914,0.0,0.5774,145.60963605871478
SimpleHome_XCS7_1003_WHT_Security_Camera,1000,4,8509,oas_nominal,0.99937892,0.9687899497487438,0.0,0.4156,190.17744477526065
SimpleHome_XCS7_1003_WHT_Security_Camera,1000,4,8509,oas_covariance_ess,0.99987472,0.9937045226130653,0.0,0.0,190.17744477526065
SimpleHome_XCS7_1003_WHT_Security_Camera,1000,4,8509,shared_marginals,0.99958256,0.9790231155778895,0.0,0.4702,190.17744477526065
SimpleHome_XCS7_1003_WHT_Security_Camera,1000,5,3492,oas_nominal,0.9999916400000001,0.9995798994974874,0.005,1.0,799.8435478666883
SimpleHome_XCS7_1003_WHT_Security_Camera,1000,5,3492,oas_covariance_ess,0.99999212,0.9996040201005025,0.0056,1.0,799.8435478666883
SimpleHome_XCS7_1003_WHT_Security_Camera,1000,5,3492,shared_marginals,0.9999968,0.9998391959798996,0.0086,1.0,799.8435478666883
SimpleHome_XCS7_1003_WHT_Security_Camera,1000,6,8506,oas_nominal,0.99930012,0.9648301507537689,0.0,0.4216,188.3714407681408
SimpleHome_XCS7_1003_WHT_Security_Camera,1000,6,8506,oas_covariance_ess,0.99983512,0.9917145728643215,0.0,0.0,188.3714407681408
SimpleHome_XCS7_1003_WHT_Security_Camera,1000,6,8506,shared_marginals,0.99954192,0.976980904522613,0.0,0.4836,188.3714407681408
SimpleHome_XCS7_1003_WHT_Security_Camera,1000,7,10956,oas_nominal,0.9998813599999999,0.9940381909547737,0.0,0.4876,124.85575693206154
SimpleHome_XCS7_1003_WHT_Security_Camera,1000,7,10956,oas_covariance_ess,0.9999584,0.9979095477386934,0.0,0.5468,124.85575693206154
SimpleHome_XCS7_1003_WHT_Security_Camera,1000,7,10956,shared_marginals,0.99990384,0.99516783919598,0.0,0.5156,124.85575693206154
