n,rho,quantity,estimator,ess_ratio_to_asymptotic,ratio_q10,ratio_q90,replications
100,0.0,mean,AR1_fit,1.0,0.8263406630984945,1.0,200
100,0.0,mean,NW_2x,1.0,0.7546519856282575,1.0,200
100,0.0,mean,NW_default,1.0,0.8185732057272074,1.0,200
100,0.0,mean,initial_positive,1.0,0.6200476270272884,1.0,200
100,0.0,variance,AR1_fit,1.0,0.8028035092913743,1.0,200
100,0.0,variance,NW_2x,1.0,0.7727585704060056,1.0,200
100,0.0,variance,NW_default,1.0,0.8328917055800394,1.0,200
100,0.0,variance,initial_positive,1.0,0.6649203076891478,1.0,200
100,0.5,mean,AR1_fit,1.0400660698729025,0.7595024328250384,1.439246059730468,200
100,0.5,mean,NW_2x,1.3004613802242715,0.8939285087471801,1.9014676357714506,200
100,0.5,mean,NW_default,1.4054024364507014,1.1349862350366016,1.8078666539589199,200
100,0.5,mean,initial_positive,1.0559991411750804,0.6350312930509765,1.5145468126871782,200
100,0.5,variance,AR1_fit,1.1294039132378306,0.7657317453997038,1.5900958213870846,200
100,0.5,variance,NW_2x,1.3795052613442649,0.8971337750668394,1.6666666666666667,200
100,0.5,variance,NW_default,1.3131994262813333,0.9678815654522122,1.6666666666666667,200
100,0.5,variance,initial_positive,1.1083413156024045,0.7489488757107554,1.6666666666666667,200
100,0.8,mean,AR1_fit,1.2229912236685796,0.8452874587878344,1.8192409747347131,200
100,0.8,mean,NW_2x,1.9760293282822912,1.593507612710791,2.7703562779667656,200
100,0.8,mean,NW_default,2.6626185137823475,2.380691495789366,3.2014031764719646,200
100,0.8,mean,initial_positive,1.352848232716655,0.8113430394812446,2.1757699355760716,200
100,0.8,variance,AR1_fit,1.3881934352085743,0.8749719489996745,2.1390920248410947,200
100,0.8,variance,NW_2x,1.981636183545516,1.3179396558342134,2.822034416348578,200
100,0.8,variance,NW_default,2.09071486681398,1.598289418108385,2.7410957311337087,200
100,0.8,variance,initial_positive,1.6196141451191042,0.9483019086122231,2.3418727589646116,200
300,0.0,mean,AR1_fit,0.9964675603099642,0.8633427581837494,1.0,200
300,0.0,mean,NW_2x,1.0,0.8224746987340619,1.0,200
300,0.0,mean,NW_default,1.0,0.8430473754246205,1.0,200
300,0.0,mean,initial_positive,1.0,0.7345540599950053,1.0,200
300,0.0,variance,AR1_fit,1.0,0.8389482645588408,1.0,200
300,0.0,variance,NW_2x,1.0,0.8050087804050149,1.0,200
300,0.0,variance,NW_default,1.0,0.8268403810452053,1.0,200
300,0.0,variance,initial_positive,1.0,0.7319021642308245,1.0,200
300,0.5,mean,AR1_fit,1.0072403075145004,0.864356658424455,1.1914364981068513,200
300,0.5,mean,NW_2x,1.180521026791183,0.9457302689112543,1.4599354657198895,200
300,0.5,mean,NW_default,1.2991399498988194,1.1266763646658433,1.4815516838658644,200
300,0.5,mean,initial_positive,0.9740433974424548,0.7000754163340529,1.242384208220197,200
300,0.5,variance,AR1_fit,1.0402338274846936,0.8125128074704374,1.2945236177984805,200
300,0.5,variance,NW_2x,1.1762649508650342,0.8808895201702328,1.5876128574525026,200
300,0.5,variance,NW_default,1.1644115502481882,0.9379327033990057,1.4514069287051496,200
300,0.5,variance,initial_positive,1.0275368502075053,0.774097018586111,1.303215308815076,200
300,0.8,mean,AR1_fit,1.0408015356870288,0.8384446628892195,1.3415813572964062,200
300,0.8,mean,NW_2x,1.6590991745171833,1.4270213726109995,1.9994459497128851,200
300,0.8,mean,NW_default,2.2516937015734846,2.076748038923241,2.518227236860876,200
300,0.8,mean,initial_positive,1.1023745321590757,0.7604917435542559,1.5711005111284473,200
300,0.8,variance,AR1_fit,1.1237775023044687,0.7861369471020462,1.5095094579467236,200
300,0.8,variance,NW_2x,1.432448761033538,1.0849567874190105,2.0214690722456856,200
300,0.8,variance,NW_default,1.6505671884008353,1.3489157184786713,2.0639072782668473,200
300,0.8,variance,initial_positive,1.1781266383168791,0.7943961215205358,1.7301804773405964,200
1000,0.0,mean,AR1_fit,1.0,0.9325428387223679,1.0,200
1000,0.0,mean,NW_2x,1.0,0.8757152816332664,1.0,200
1000,0.0,mean,NW_default,1.0,0.9113921105815772,1.0,200
1000,0.0,mean,initial_positive,1.0,0.8580048380750572,1.0,200
1000,0.0,variance,AR1_fit,1.0,0.9272259093493511,1.0,200
1000,0.0,variance,NW_2x,1.0,0.8715354716911329,1.0,200
1000,0.0,variance,NW_default,1.0,0.9046292887056226,1.0,200
1000,0.0,variance,initial_positive,1.0,0.8252847320415001,1.0,200
1000,0.5,mean,AR1_fit,1.0000551397759612,0.9240420514997032,1.116560578071041,200
1000,0.5,mean,NW_2x,1.1298402884803265,0.9805982553231595,1.294437880598459,200
1000,0.5,mean,NW_default,1.2372992941345382,1.1296497289370901,1.3830407180459947,200
1000,0.5,mean,initial_positive,0.9917991307283842,0.7897986142447867,1.1730835572492229,200
1000,0.5,variance,AR1_fit,1.0136178516706995,0.8938331598233232,1.1610453172029422,200
1000,0.5,variance,NW_2x,1.1107361332066967,0.9241226326456068,1.28619066246979,200
1000,0.5,variance,NW_default,1.1271269468760388,0.9857712237336927,1.281505672555633,200
1000,0.5,variance,initial_positive,1.0148696571769555,0.8111570465438812,1.1705645126347484,200
1000,0.8,mean,AR1_fit,1.0102667624769262,0.8963463277832514,1.1596872664901128,200
1000,0.8,mean,NW_2x,1.4767592886671554,1.3650338026354696,1.6986657366556486,200
1000,0.8,mean,NW_default,2.010670555805124,1.9209470929366752,2.1673700343791014,200
1000,0.8,mean,initial_positive,0.972259755133861,0.6799902119245657,1.2839143095583663,200
1000,0.8,variance,AR1_fit,1.0402361769035782,0.8316866262788474,1.318921788922839,200
1000,0.8,variance,NW_2x,1.2674769169611428,1.01523199434403,1.5604284398235755,200
1000,0.8,variance,NW_default,1.4709780739533964,1.2695761462166004,1.6982399350969906,200
1000,0.8,variance,initial_positive,1.036156344144848,0.7323385551154221,1.3747808536960218,200
