support_n,ess_fraction,effective_n,regime,method,log_variance_mse,replicate_mse_se,replications
30,1.0,29.0,smooth_matched,local,0.07402581342367404,0.0008613746791418726,120
30,1.0,29.0,smooth_matched,uniform_peer,0.23177942246857394,0.005280165045412993,120
30,1.0,29.0,smooth_matched,diagonal_eb,0.06178161070207079,0.0008944446988873965,120
30,1.0,29.0,smooth_matched,multiscale_eb,0.045696364625940684,0.000597497371043835,120
30,1.0,29.0,smooth_matched,robust_multiscale_eb,0.04523578651631258,0.0005777655521387688,120
30,1.0,29.0,common_mode_matched,local,0.072470380261917,0.0008536945688797814,120
30,1.0,29.0,common_mode_matched,uniform_peer,0.22801320653345655,0.004350355486547224,120
30,1.0,29.0,common_mode_matched,diagonal_eb,0.05883020079327174,0.0008776990472950557,120
30,1.0,29.0,common_mode_matched,multiscale_eb,0.04789857877565204,0.0006068557307507813,120
30,1.0,29.0,common_mode_matched,robust_multiscale_eb,0.04724625874909091,0.0005929091512921521,120
30,1.0,29.0,independent_matched,local,0.07462649740215047,0.0010027157209056591,120
30,1.0,29.0,independent_matched,uniform_peer,0.22456971097243936,0.002806964527108973,120
30,1.0,29.0,independent_matched,diagonal_eb,0.06207816677002705,0.0008266889600635586,120
30,1.0,29.0,independent_matched,multiscale_eb,0.06252770556985929,0.0008293179745095151,120
30,1.0,29.0,independent_matched,robust_multiscale_eb,0.06101843871213385,0.0007943770623232467,120
30,1.0,29.0,smooth_high_heterogeneity,local,0.07355978314577984,0.0009226168278010805,120
30,1.0,29.0,smooth_high_heterogeneity,uniform_peer,0.7288675667330603,0.014855898762459166,120
30,1.0,29.0,smooth_high_heterogeneity,diagonal_eb,0.07199435258591959,0.0009980589205795226,120
30,1.0,29.0,smooth_high_heterogeneity,multiscale_eb,0.06174074270337497,0.0008299557673112641,120
30,1.0,29.0,smooth_high_heterogeneity,robust_multiscale_eb,0.059864933744324236,0.000788558345834946,120
30,1.0,29.0,smooth_target_shift,local,0.07388476328032931,0.0008708490319489766,120
30,1.0,29.0,smooth_target_shift,uniform_peer,0.7655794323821069,0.005659661005923908,120
30,1.0,29.0,smooth_target_shift,diagonal_eb,0.12188921925207744,0.0014175901099844801,120
30,1.0,29.0,smooth_target_shift,multiscale_eb,0.33457787655184124,0.002262921292470507,120
30,1.0,29.0,smooth_target_shift,robust_multiscale_eb,0.07770804220336146,0.0008953700924908927,120
30,0.5,14.5,smooth_matched,local,0.1586619941498975,0.001976279939400863,120
30,0.5,14.5,smooth_matched,uniform_peer,0.22581660221668098,0.004665298043179745,120
30,0.5,14.5,smooth_matched,diagonal_eb,0.10125257547553516,0.001591778371230685,120
30,0.5,14.5,smooth_matched,multiscale_eb,0.07047835934257705,0.0010273497283613334,120
30,0.5,14.5,smooth_matched,robust_multiscale_eb,0.07008866243628117,0.0010294765671845822,120
30,0.5,14.5,common_mode_matched,local,0.15941084945954825,0.0019885555940692546,120
30,0.5,14.5,common_mode_matched,uniform_peer,0.2347927846868543,0.004584910401246342,120
30,0.5,14.5,common_mode_matched,diagonal_eb,0.10429490149835073,0.0015833053483361463,120
30,0.5,14.5,common_mode_matched,multiscale_eb,0.07670002146218848,0.0010746403951377914,120
30,0.5,14.5,common_mode_matched,robust_multiscale_eb,0.07671407033822625,0.0010710456303428368,120
30,0.5,14.5,independent_matched,local,0.16097413950066078,0.0020205064931224457,120
30,0.5,14.5,independent_matched,uniform_peer,0.22780812397969177,0.0026483717765671544,120
30,0.5,14.5,independent_matched,diagonal_eb,0.10152334234628138,0.0012736520025661401,120
30,0.5,14.5,independent_matched,multiscale_eb,0.1023109837848598,0.0012695728635411113,120
30,0.5,14.5,independent_matched,robust_multiscale_eb,0.10122450332403664,0.0012393088212737796,120
30,0.5,14.5,smooth_high_heterogeneity,local,0.16044984511369625,0.0018693532968577788,120
30,0.5,14.5,smooth_high_heterogeneity,uniform_peer,0.7391274018759165,0.01728261211784726,120
30,0.5,14.5,smooth_high_heterogeneity,diagonal_eb,0.1453526294886433,0.0023326423504259055,120
30,0.5,14.5,smooth_high_heterogeneity,multiscale_eb,0.11105951399571629,0.0015966795287149001,120
30,0.5,14.5,smooth_high_heterogeneity,robust_multiscale_eb,0.10875596986687526,0.0014933650043341658,120
30,0.5,14.5,smooth_target_shift,local,0.15796060031026748,0.00165499789730065,120
30,0.5,14.5,smooth_target_shift,uniform_peer,0.7635298777732039,0.004367947198921173,120
30,0.5,14.5,smooth_target_shift,diagonal_eb,0.23720875324779575,0.0023887478441491526,120
30,0.5,14.5,smooth_target_shift,multiscale_eb,0.452090777576309,0.002390107284768418,120
30,0.5,14.5,smooth_target_shift,robust_multiscale_eb,0.17526146516739996,0.002108314603316626,120
30,0.25,7.25,smooth_matched,local,0.3831205328826855,0.0049495607517061795,120
30,0.25,7.25,smooth_matched,uniform_peer,0.22737546505206527,0.004889794271621746,120
30,0.25,7.25,smooth_matched,diagonal_eb,0.15244792280746478,0.002586217559834508,120
30,0.25,7.25,smooth_matched,multiscale_eb,0.11008030819421265,0.0018370490712796366,120
30,0.25,7.25,smooth_matched,robust_multiscale_eb,0.11085616745751636,0.0018661565015526778,120
30,0.25,7.25,common_mode_matched,local,0.3745353313008002,0.004520693602321055,120
30,0.25,7.25,common_mode_matched,uniform_peer,0.23309558815072412,0.004494934067686542,120
30,0.25,7.25,common_mode_matched,diagonal_eb,0.15221825510207937,0.0024936650832112065,120
30,0.25,7.25,common_mode_matched,multiscale_eb,0.11399559807554939,0.001660039727969503,120
30,0.25,7.25,common_mode_matched,robust_multiscale_eb,0.11530116870713217,0.001710655483921528,120
30,0.25,7.25,independent_matched,local,0.3761849451468855,0.004629703405056138,120
30,0.25,7.25,independent_matched,uniform_peer,0.2273502974036985,0.0028360022479110695,120
30,0.25,7.25,independent_matched,diagonal_eb,0.1504098748502854,0.001943198405035619,120
30,0.25,7.25,independent_matched,multiscale_eb,0.15094227857139994,0.0019646030257176148,120
30,0.25,7.25,independent_matched,robust_multiscale_eb,0.15225537136843859,0.0019984314172123933,120
30,0.25,7.25,smooth_high_heterogeneity,local,0.3774034846953732,0.004262847473842122,120
30,0.25,7.25,smooth_high_heterogeneity,uniform_peer,0.7208020240244107,0.013983102441310074,120
30,0.25,7.25,smooth_high_heterogeneity,diagonal_eb,0.27026308817928946,0.003861797698896199,120
30,0.25,7.25,smooth_high_heterogeneity,multiscale_eb,0.18905152089055566,0.002755560480351545,120
30,0.25,7.25,smooth_high_heterogeneity,robust_multiscale_eb,0.18745352790329445,0.0026177629817447103,120
30,0.25,7.25,smooth_target_shift,local,0.37906593176252223,0.0045460900970984396,120
30,0.25,7.25,smooth_target_shift,uniform_peer,0.7700257055952825,0.0058400791366209305,120
30,0.25,7.25,smooth_target_shift,diagonal_eb,0.3992922013028448,0.003507431327591315,120
30,0.25,7.25,smooth_target_shift,multiscale_eb,0.5625553128392778,0.0026796089477770396,120
30,0.25,7.25,smooth_target_shift,robust_multiscale_eb,0.42239468419148973,0.005336628820955125,120
100,1.0,99.0,smooth_matched,local,0.020783569659898724,0.0002414732473221324,120
100,1.0,99.0,smooth_matched,uniform_peer,0.23164657789617166,0.004915948531147175,120
100,1.0,99.0,smooth_matched,diagonal_eb,0.020540568348104537,0.0002517502401726316,120
100,1.0,99.0,smooth_matched,multiscale_eb,0.018249864290437377,0.00021015798362599607,120
100,1.0,99.0,smooth_matched,robust_multiscale_eb,0.017609153995045226,0.00019321797956550367,120
100,1.0,99.0,common_mode_matched,local,0.02078538075904127,0.0002449220657776536,120
100,1.0,99.0,common_mode_matched,uniform_peer,0.22775224001814104,0.004163336596794787,120
100,1.0,99.0,common_mode_matched,diagonal_eb,0.020208655758695585,0.00025412442534616974,120
100,1.0,99.0,common_mode_matched,multiscale_eb,0.018974323440934564,0.00024829501372301577,120
100,1.0,99.0,common_mode_matched,robust_multiscale_eb,0.018224691866715395,0.0002246769260343919,120
100,1.0,99.0,independent_matched,local,0.02068448035025781,0.00024301607236061262,120
100,1.0,99.0,independent_matched,uniform_peer,0.22713045746440094,0.0026405285510296716,120
100,1.0,99.0,independent_matched,diagonal_eb,0.0206742377922148,0.00026377316314249883,120
100,1.0,99.0,independent_matched,multiscale_eb,0.020842914659582924,0.00026468221814745065,120
100,1.0,99.0,independent_matched,robust_multiscale_eb,0.019918100111503027,0.0002457440414938393,120
100,1.0,99.0,smooth_high_heterogeneity,local,0.020696403471919988,0.0002439639122258519,120
100,1.0,99.0,smooth_high_heterogeneity,uniform_peer,0.7106326139533888,0.012988019167806631,120
100,1.0,99.0,smooth_high_heterogeneity,diagonal_eb,0.020837759860634703,0.0002428720049285001,120
100,1.0,99.0,smooth_high_heterogeneity,multiscale_eb,0.020398238316410085,0.00023104432190025297,120
100,1.0,99.0,smooth_high_heterogeneity,robust_multiscale_eb,0.01970158180386252,0.00022111865852453047,120
100,1.0,99.0,smooth_target_shift,local,0.02067609825813599,0.00024776281220600135,120
100,1.0,99.0,smooth_target_shift,uniform_peer,0.7568801983020872,0.004398223900318017,120
100,1.0,99.0,smooth_target_shift,diagonal_eb,0.030309406986857246,0.00036733702891398473,120
100,1.0,99.0,smooth_target_shift,multiscale_eb,0.13618159068881827,0.0014767203329067958,120
100,1.0,99.0,smooth_target_shift,robust_multiscale_eb,0.02100698743231778,0.0002448415352913824,120
100,0.5,49.5,smooth_matched,local,0.0415012662569695,0.0005046937525289163,120
100,0.5,49.5,smooth_matched,uniform_peer,0.22673403171794196,0.004318854986045915,120
100,0.5,49.5,smooth_matched,diagonal_eb,0.03847527072168832,0.0004974497911737548,120
100,0.5,49.5,smooth_matched,multiscale_eb,0.031033424667395334,0.00040930088990753983,120
100,0.5,49.5,smooth_matched,robust_multiscale_eb,0.03025862312204776,0.0003928764592978386,120
100,0.5,49.5,common_mode_matched,local,0.04214036734412138,0.0005974819133090155,120
100,0.5,49.5,common_mode_matched,uniform_peer,0.222729680288506,0.004625868217570236,120
100,0.5,49.5,common_mode_matched,diagonal_eb,0.03858808445117255,0.0006190626736453791,120
100,0.5,49.5,common_mode_matched,multiscale_eb,0.033598541068681285,0.00047686306066840737,120
100,0.5,49.5,common_mode_matched,robust_multiscale_eb,0.03289671779109268,0.0004366934505039195,120
100,0.5,49.5,independent_matched,local,0.042579262617789077,0.0005190735343623105,120
100,0.5,49.5,independent_matched,uniform_peer,0.22376966936363404,0.00258666797208907,120
100,0.5,49.5,independent_matched,diagonal_eb,0.03924773780159589,0.0004602452181417406,120
100,0.5,49.5,independent_matched,multiscale_eb,0.03959427833980037,0.0004718401244761726,120
100,0.5,49.5,independent_matched,robust_multiscale_eb,0.03804797465502156,0.00044159175451540384,120
100,0.5,49.5,smooth_high_heterogeneity,local,0.04200216052196981,0.0005348809395858526,120
100,0.5,49.5,smooth_high_heterogeneity,uniform_peer,0.7372182993980487,0.015011230683011951,120
100,0.5,49.5,smooth_high_heterogeneity,diagonal_eb,0.04204674182488302,0.000594468031833467,120
100,0.5,49.5,smooth_high_heterogeneity,multiscale_eb,0.038992500495878796,0.0005124701037327689,120
100,0.5,49.5,smooth_high_heterogeneity,robust_multiscale_eb,0.03751802795953144,0.00047262921796682527,120
100,0.5,49.5,smooth_target_shift,local,0.04211659733145182,0.0005082449294809156,120
100,0.5,49.5,smooth_target_shift,uniform_peer,0.7701701577157114,0.004591385128243478,120
100,0.5,49.5,smooth_target_shift,diagonal_eb,0.06906422199173569,0.0009654949802309702,120
100,0.5,49.5,smooth_target_shift,multiscale_eb,0.24047231671767613,0.0020790777765153025,120
100,0.5,49.5,smooth_target_shift,robust_multiscale_eb,0.04379981353953112,0.000567141458431458,120
100,0.25,24.75,smooth_matched,local,0.08769820094965271,0.0009864999918449014,120
100,0.25,24.75,smooth_matched,uniform_peer,0.22717680770317825,0.004421501610548025,120
100,0.25,24.75,smooth_matched,diagonal_eb,0.06842367734970356,0.0009741056419124645,120
100,0.25,24.75,smooth_matched,multiscale_eb,0.0497109050506104,0.0007257497886465151,120
100,0.25,24.75,smooth_matched,robust_multiscale_eb,0.04927925397478347,0.0006987604288968822,120
100,0.25,24.75,common_mode_matched,local,0.08774799307403637,0.0009795052043884336,120
100,0.25,24.75,common_mode_matched,uniform_peer,0.2229534893830106,0.003939413687304276,120
100,0.25,24.75,common_mode_matched,diagonal_eb,0.06778419720157666,0.0009271266799134759,120
100,0.25,24.75,common_mode_matched,multiscale_eb,0.05417337650559304,0.0006451537165490462,120
100,0.25,24.75,common_mode_matched,robust_multiscale_eb,0.05356524289880082,0.0006244796436900429,120
100,0.25,24.75,independent_matched,local,0.08963097184982022,0.0010603622658997643,120
100,0.25,24.75,independent_matched,uniform_peer,0.22777225187360356,0.003033686738762621,120
100,0.25,24.75,independent_matched,diagonal_eb,0.0717197652913087,0.0008818066194419146,120
100,0.25,24.75,independent_matched,multiscale_eb,0.07223613277791406,0.0008883339794474039,120
100,0.25,24.75,independent_matched,robust_multiscale_eb,0.07050760503609806,0.000819383823343146,120
100,0.25,24.75,smooth_high_heterogeneity,local,0.08805912165785071,0.0008982647134328839,120
100,0.25,24.75,smooth_high_heterogeneity,uniform_peer,0.7298539062763428,0.014689867196838414,120
100,0.25,24.75,smooth_high_heterogeneity,diagonal_eb,0.0851273632556692,0.001038100770111064,120
100,0.25,24.75,smooth_high_heterogeneity,multiscale_eb,0.07266603178383967,0.00087993184291924,120
100,0.25,24.75,smooth_high_heterogeneity,robust_multiscale_eb,0.07026140749048634,0.0008248383996324803,120
100,0.25,24.75,smooth_target_shift,local,0.0884564247496549,0.001232692205709902,120
100,0.25,24.75,smooth_target_shift,uniform_peer,0.7750890059500009,0.005029969193249702,120
100,0.25,24.75,smooth_target_shift,diagonal_eb,0.14300629627729441,0.001544728704790678,120
100,0.25,24.75,smooth_target_shift,multiscale_eb,0.3623140808796485,0.0024326471725390174,120
100,0.25,24.75,smooth_target_shift,robust_multiscale_eb,0.09238136064981205,0.0012805628602959814,120
300,1.0,299.0,smooth_matched,local,0.006738216396084443,7.524468895231547e-05,120
300,1.0,299.0,smooth_matched,uniform_peer,0.22962213955731833,0.004892153169044813,120
300,1.0,299.0,smooth_matched,diagonal_eb,0.006827761114113181,8.911526489545114e-05,120
300,1.0,299.0,smooth_matched,multiscale_eb,0.006686528316990018,8.829524362186863e-05,120
300,1.0,299.0,smooth_matched,robust_multiscale_eb,0.006405217841028196,7.9774674025776e-05,120
300,1.0,299.0,common_mode_matched,local,0.006705113409260643,8.43502498870299e-05,120
300,1.0,299.0,common_mode_matched,uniform_peer,0.22899036059670283,0.004419131232402657,120
300,1.0,299.0,common_mode_matched,diagonal_eb,0.006776073187809965,9.063017281096459e-05,120
300,1.0,299.0,common_mode_matched,multiscale_eb,0.006844601949947858,8.970659270016045e-05,120
300,1.0,299.0,common_mode_matched,robust_multiscale_eb,0.006520867115730561,7.900746388393459e-05,120
300,1.0,299.0,independent_matched,local,0.006732908425283185,7.534103251490597e-05,120
300,1.0,299.0,independent_matched,uniform_peer,0.22504795991104262,0.0024318848923415705,120
300,1.0,299.0,independent_matched,diagonal_eb,0.006788781472305433,7.50695716540397e-05,120
300,1.0,299.0,independent_matched,multiscale_eb,0.006820583588897091,7.596229648301396e-05,120
300,1.0,299.0,independent_matched,robust_multiscale_eb,0.006648290856490582,7.281078082245921e-05,120
300,1.0,299.0,smooth_high_heterogeneity,local,0.006859240859359433,7.65537513056485e-05,120
300,1.0,299.0,smooth_high_heterogeneity,uniform_peer,0.6904084701736113,0.013946221239707715,120
300,1.0,299.0,smooth_high_heterogeneity,diagonal_eb,0.006917741955484893,7.918787770217244e-05,120
300,1.0,299.0,smooth_high_heterogeneity,multiscale_eb,0.007048782191732137,8.648841109887356e-05,120
300,1.0,299.0,smooth_high_heterogeneity,robust_multiscale_eb,0.006812109986876308,7.914410938784222e-05,120
300,1.0,299.0,smooth_target_shift,local,0.006596892325659769,7.583967837183672e-05,120
300,1.0,299.0,smooth_target_shift,uniform_peer,0.7618064028499059,0.005047128811683963,120
300,1.0,299.0,smooth_target_shift,diagonal_eb,0.008100168722475943,0.00010459451194217888,120
300,1.0,299.0,smooth_target_shift,multiscale_eb,0.03835905860218102,0.0005697236858333306,120
300,1.0,299.0,smooth_target_shift,robust_multiscale_eb,0.006620091226187978,7.523981444887801e-05,120
300,0.5,149.5,smooth_matched,local,0.013466944186436321,0.00017099665992865336,120
300,0.5,149.5,smooth_matched,uniform_peer,0.2325651746448093,0.004442866281990923,120
300,0.5,149.5,smooth_matched,diagonal_eb,0.01357971475582594,0.0001830450640248972,120
300,0.5,149.5,smooth_matched,multiscale_eb,0.012676771357048085,0.0001630228843280435,120
300,0.5,149.5,smooth_matched,robust_multiscale_eb,0.012133897890130484,0.0001419694039876257,120
300,0.5,149.5,common_mode_matched,local,0.013730661355879829,0.00017615627886263233,120
300,0.5,149.5,common_mode_matched,uniform_peer,0.22328340655775084,0.004489829496526678,120
300,0.5,149.5,common_mode_matched,diagonal_eb,0.01385031252642032,0.0001937066295577091,120
300,0.5,149.5,common_mode_matched,multiscale_eb,0.013482111551043886,0.00016632204528621718,120
300,0.5,149.5,common_mode_matched,robust_multiscale_eb,0.01292846655754929,0.00014813035084681287,120
300,0.5,149.5,independent_matched,local,0.013341219197098552,0.00016534760352666478,120
300,0.5,149.5,independent_matched,uniform_peer,0.22926554732394316,0.003230994670690168,120
300,0.5,149.5,independent_matched,diagonal_eb,0.013497167634564478,0.00017112345477481342,120
300,0.5,149.5,independent_matched,multiscale_eb,0.013552038634458141,0.00017198666877235895,120
300,0.5,149.5,independent_matched,robust_multiscale_eb,0.013020964642281498,0.000161130206685127,120
300,0.5,149.5,smooth_high_heterogeneity,local,0.013683251351144586,0.00014704651709686114,120
300,0.5,149.5,smooth_high_heterogeneity,uniform_peer,0.7034528940710765,0.011941952018395948,120
300,0.5,149.5,smooth_high_heterogeneity,diagonal_eb,0.013874369684656896,0.00015356084164742503,120
300,0.5,149.5,smooth_high_heterogeneity,multiscale_eb,0.013910021696957991,0.00016859291501326236,120
300,0.5,149.5,smooth_high_heterogeneity,robust_multiscale_eb,0.013335512536382236,0.00014929744416174021,120
300,0.5,149.5,smooth_target_shift,local,0.013794843570286956,0.00017149115331602347,120
300,0.5,149.5,smooth_target_shift,uniform_peer,0.766455641686386,0.005434008080106246,120
300,0.5,149.5,smooth_target_shift,diagonal_eb,0.018659366733095154,0.00026065395653425416,120
300,0.5,149.5,smooth_target_shift,multiscale_eb,0.08916552182589568,0.001202445797615331,120
300,0.5,149.5,smooth_target_shift,robust_multiscale_eb,0.013959735710332821,0.00017619199749719795,120
300,0.25,74.75,smooth_matched,local,0.028010201952703543,0.0003085098650476448,120
300,0.25,74.75,smooth_matched,uniform_peer,0.2306505529718592,0.004262171302995176,120
300,0.25,74.75,smooth_matched,diagonal_eb,0.026846682629715613,0.00035023311601332707,120
300,0.25,74.75,smooth_matched,multiscale_eb,0.02253074315366638,0.00029201294192246415,120
300,0.25,74.75,smooth_matched,robust_multiscale_eb,0.02196660442676955,0.00027511072155386924,120
300,0.25,74.75,common_mode_matched,local,0.027252187570688893,0.0003237279728900274,120
300,0.25,74.75,common_mode_matched,uniform_peer,0.22671798642886393,0.004470849509997953,120
300,0.25,74.75,common_mode_matched,diagonal_eb,0.0263324628181556,0.00031939718332171845,120
300,0.25,74.75,common_mode_matched,multiscale_eb,0.024440293980406213,0.00031172877927733195,120
300,0.25,74.75,common_mode_matched,robust_multiscale_eb,0.023470469157483534,0.00028573170867598856,120
300,0.25,74.75,independent_matched,local,0.02823973456422051,0.0003171240721553764,120
300,0.25,74.75,independent_matched,uniform_peer,0.22871486897116225,0.0029386397511189117,120
300,0.25,74.75,independent_matched,diagonal_eb,0.027233825055427912,0.0003465978691097755,120
300,0.25,74.75,independent_matched,multiscale_eb,0.027406960400376348,0.00034470407332048666,120
300,0.25,74.75,independent_matched,robust_multiscale_eb,0.026301833136700307,0.00030762033202725214,120
300,0.25,74.75,smooth_high_heterogeneity,local,0.027324528927119028,0.00034998201643155163,120
300,0.25,74.75,smooth_high_heterogeneity,uniform_peer,0.7437888824128308,0.01525130551658505,120
300,0.25,74.75,smooth_high_heterogeneity,diagonal_eb,0.02762238668123483,0.00035623991703474957,120
300,0.25,74.75,smooth_high_heterogeneity,multiscale_eb,0.02697562648692212,0.000363726369229569,120
300,0.25,74.75,smooth_high_heterogeneity,robust_multiscale_eb,0.02571357682276989,0.0003261990630935572,120
300,0.25,74.75,smooth_target_shift,local,0.027229370430863837,0.0003308250708067879,120
300,0.25,74.75,smooth_target_shift,uniform_peer,0.7677337478366956,0.004904890620090704,120
300,0.25,74.75,smooth_target_shift,diagonal_eb,0.0425136950357926,0.0005857149310258968,120
300,0.25,74.75,smooth_target_shift,multiscale_eb,0.174191932537426,0.0019078804892377066,120
300,0.25,74.75,smooth_target_shift,robust_multiscale_eb,0.027976087106918804,0.00033196616052594784,120
1000,1.0,999.0,smooth_matched,local,0.001968813515805268,2.489440561217974e-05,120
1000,1.0,999.0,smooth_matched,uniform_peer,0.22912044436265822,0.004397604068806265,120
1000,1.0,999.0,smooth_matched,diagonal_eb,0.0019854273038961753,2.460781147875779e-05,120
1000,1.0,999.0,smooth_matched,multiscale_eb,0.0020317599401821545,2.5738756376690122e-05,120
1000,1.0,999.0,smooth_matched,robust_multiscale_eb,0.0019602121101508756,2.4305267631489966e-05,120
1000,1.0,999.0,common_mode_matched,local,0.002001793059211283,2.3951170955341315e-05,120
1000,1.0,999.0,common_mode_matched,uniform_peer,0.2244370435835713,0.004067347125394723,120
1000,1.0,999.0,common_mode_matched,diagonal_eb,0.0020138444003442576,2.334663131790516e-05,120
1000,1.0,999.0,common_mode_matched,multiscale_eb,0.002032595209116567,2.4501406531652344e-05,120
1000,1.0,999.0,common_mode_matched,robust_multiscale_eb,0.00198738635700741,2.3298014908776466e-05,120
1000,1.0,999.0,independent_matched,local,0.002019619328354309,2.4657762584748334e-05,120
1000,1.0,999.0,independent_matched,uniform_peer,0.22934706634263508,0.0025518518942825802,120
1000,1.0,999.0,independent_matched,diagonal_eb,0.002034808718329199,2.489917497873107e-05,120
1000,1.0,999.0,independent_matched,multiscale_eb,0.0020377261396191887,2.498008050334599e-05,120
1000,1.0,999.0,independent_matched,robust_multiscale_eb,0.0020134812568466946,2.469261114969857e-05,120
1000,1.0,999.0,smooth_high_heterogeneity,local,0.0020058023091824185,2.3344596870931978e-05,120
1000,1.0,999.0,smooth_high_heterogeneity,uniform_peer,0.6994146149293416,0.012878701347985869,120
1000,1.0,999.0,smooth_high_heterogeneity,diagonal_eb,0.00200688447845366,2.33671348966551e-05,120
1000,1.0,999.0,smooth_high_heterogeneity,multiscale_eb,0.0020211740225852893,2.4458004539852057e-05,120
1000,1.0,999.0,smooth_high_heterogeneity,robust_multiscale_eb,0.001995341816936633,2.35461103615395e-05,120
1000,1.0,999.0,smooth_target_shift,local,0.002030001731274262,2.7098401066564044e-05,120
1000,1.0,999.0,smooth_target_shift,uniform_peer,0.7549613339634609,0.005072321878500196,120
1000,1.0,999.0,smooth_target_shift,diagonal_eb,0.002210142721299806,2.7854897330264003e-05,120
1000,1.0,999.0,smooth_target_shift,multiscale_eb,0.007051508676801839,0.00012651114539706212,120
1000,1.0,999.0,smooth_target_shift,robust_multiscale_eb,0.0020349696578099525,2.69182620618398e-05,120
1000,0.5,499.5,smooth_matched,local,0.004033494994505986,5.0032740719312145e-05,120
1000,0.5,499.5,smooth_matched,uniform_peer,0.23051335434002743,0.0043881260676555565,120
1000,0.5,499.5,smooth_matched,diagonal_eb,0.0041202467152750685,6.588355454662496e-05,120
1000,0.5,499.5,smooth_matched,multiscale_eb,0.004154546304322567,7.365490062493937e-05,120
1000,0.5,499.5,smooth_matched,robust_multiscale_eb,0.003938248724414425,5.023410768310654e-05,120
1000,0.5,499.5,common_mode_matched,local,0.003973252535083123,4.849875085065582e-05,120
1000,0.5,499.5,common_mode_matched,uniform_peer,0.22438490155618468,0.004472416131146811,120
1000,0.5,499.5,common_mode_matched,diagonal_eb,0.0040070369830877235,4.95413532886945e-05,120
1000,0.5,499.5,common_mode_matched,multiscale_eb,0.004081429131817761,5.173408462554005e-05,120
1000,0.5,499.5,common_mode_matched,robust_multiscale_eb,0.003931639955503193,4.709316776902492e-05,120
1000,0.5,499.5,independent_matched,local,0.0040103623642657816,4.759491098747701e-05,120
1000,0.5,499.5,independent_matched,uniform_peer,0.23180245419453002,0.002700383194612135,120
1000,0.5,499.5,independent_matched,diagonal_eb,0.004085412684336823,4.830230796876883e-05,120
1000,0.5,499.5,independent_matched,multiscale_eb,0.004099308846297881,4.8531466101257335e-05,120
1000,0.5,499.5,independent_matched,robust_multiscale_eb,0.004003473432001744,4.6939785464957655e-05,120
1000,0.5,499.5,smooth_high_heterogeneity,local,0.003974351504914075,4.398033513326403e-05,120
1000,0.5,499.5,smooth_high_heterogeneity,uniform_peer,0.7079828739248732,0.015361277414413066,120
1000,0.5,499.5,smooth_high_heterogeneity,diagonal_eb,0.003987696567406511,4.498026009967871e-05,120
1000,0.5,499.5,smooth_high_heterogeneity,multiscale_eb,0.00400716046642365,4.6282350784302554e-05,120
1000,0.5,499.5,smooth_high_heterogeneity,robust_multiscale_eb,0.003930024559964143,4.401645518740089e-05,120
1000,0.5,499.5,smooth_target_shift,local,0.0040020618978425775,5.2281892271020365e-05,120
1000,0.5,499.5,smooth_target_shift,uniform_peer,0.7630239822451294,0.005012459456904853,120
1000,0.5,499.5,smooth_target_shift,diagonal_eb,0.004591997695051196,6.324984025011901e-05,120
1000,0.5,499.5,smooth_target_shift,multiscale_eb,0.01964382588446084,0.00030793642356637395,120
1000,0.5,499.5,smooth_target_shift,robust_multiscale_eb,0.004006806017160558,5.243901114712517e-05,120
1000,0.25,249.75,smooth_matched,local,0.008058765496814767,9.474861043896327e-05,120
1000,0.25,249.75,smooth_matched,uniform_peer,0.22940138611741018,0.004742714115172821,120
1000,0.25,249.75,smooth_matched,diagonal_eb,0.008298842711762369,0.00010198490672365874,120
1000,0.25,249.75,smooth_matched,multiscale_eb,0.007970581924589252,9.632133987731478e-05,120
1000,0.25,249.75,smooth_matched,robust_multiscale_eb,0.007637415951912471,8.82384327593725e-05,120
1000,0.25,249.75,common_mode_matched,local,0.008176391957463426,9.659007667917379e-05,120
1000,0.25,249.75,common_mode_matched,uniform_peer,0.23441821525959494,0.004189740428614722,120
1000,0.25,249.75,common_mode_matched,diagonal_eb,0.008205819716071107,0.00010171566947038013,120
1000,0.25,249.75,common_mode_matched,multiscale_eb,0.008203638121062663,0.00010086714501930477,120
1000,0.25,249.75,common_mode_matched,robust_multiscale_eb,0.00786363595105581,9.819093891673522e-05,120
1000,0.25,249.75,independent_matched,local,0.007983106349701065,0.00010093631946384176,120
1000,0.25,249.75,independent_matched,uniform_peer,0.22822755808638384,0.002669415371299037,120
1000,0.25,249.75,independent_matched,diagonal_eb,0.008052641283375163,0.0001094329673446124,120
1000,0.25,249.75,independent_matched,multiscale_eb,0.0080904106573776,0.00010887449181851438,120
1000,0.25,249.75,independent_matched,robust_multiscale_eb,0.007851002784711646,0.00010389523893076284,120
1000,0.25,249.75,smooth_high_heterogeneity,local,0.008053177468740708,0.0001051757402627546,120
1000,0.25,249.75,smooth_high_heterogeneity,uniform_peer,0.7136258717315407,0.015299308660457587,120
1000,0.25,249.75,smooth_high_heterogeneity,diagonal_eb,0.00810149465226915,0.00010981711748601104,120
1000,0.25,249.75,smooth_high_heterogeneity,multiscale_eb,0.008230749439019405,0.0001169308216835253,120
1000,0.25,249.75,smooth_high_heterogeneity,robust_multiscale_eb,0.007936356561913268,0.0001065108405824495,120
1000,0.25,249.75,smooth_target_shift,local,0.008051199808951519,9.939986663218615e-05,120
1000,0.25,249.75,smooth_target_shift,uniform_peer,0.7669438243982307,0.0054335908679378426,120
1000,0.25,249.75,smooth_target_shift,diagonal_eb,0.010178416289614594,0.00014629311683750886,120
1000,0.25,249.75,smooth_target_shift,multiscale_eb,0.048176194757852994,0.000686462115508756,120
1000,0.25,249.75,smooth_target_shift,robust_multiscale_eb,0.008088428806411026,9.660802588333751e-05,120
