support_n,target_rho,regime,method,log_variance_mse,log_variance_mse_se_rep,mean_estimated_ess,mean_local_weight_normal_eb,mean_effective_peers_mixture,replications
30,0.0,homogeneous,local,0.07188441321722987,0.001358718390383953,30.0,0.09504658146571388,7.470443926745954,300
30,0.0,homogeneous,uniform_peer,0.007174878429721064,0.00013369650040774195,30.0,0.09504658146571388,7.470443926745954,300
30,0.0,homogeneous,normal_eb,0.006701775572994042,0.0001233545113311901,30.0,0.09504658146571388,7.470443926745954,300
30,0.0,homogeneous,mixture_eb,0.006785998434803322,0.0001246804754567767,30.0,0.09504658146571388,7.470443926745954,300
30,0.0,unimodal_heterogeneous,local,0.07013559403108705,0.001342945679520511,30.0,0.6922539802138009,5.061374324696518,300
30,0.0,unimodal_heterogeneous,uniform_peer,0.22158326683648455,0.004205188225243248,30.0,0.6922539802138009,5.061374324696518,300
30,0.0,unimodal_heterogeneous,normal_eb,0.0587132057491785,0.0011186927194046456,30.0,0.6922539802138009,5.061374324696518,300
30,0.0,unimodal_heterogeneous,mixture_eb,0.062425138257620055,0.0012268354766482663,30.0,0.6922539802138009,5.061374324696518,300
30,0.0,bimodal_compatible,local,0.07095626156703795,0.0013459918706179848,30.0,0.8851035618272283,5.113482454248813,300
30,0.0,bimodal_compatible,uniform_peer,0.4812523191475005,0.0007816964135578385,30.0,0.8851035618272283,5.113482454248813,300
30,0.0,bimodal_compatible,normal_eb,0.061930218612472145,0.0011632691740696647,30.0,0.8851035618272283,5.113482454248813,300
30,0.0,bimodal_compatible,mixture_eb,0.05938501127648237,0.0011667664682111372,30.0,0.8851035618272283,5.113482454248813,300
30,0.0,bimodal_novel,local,0.07378221500846169,0.0013993902150513055,30.0,0.885124792072118,7.088095807071054,300
30,0.0,bimodal_novel,uniform_peer,0.001990894831743941,3.716960100978349e-05,30.0,0.885124792072118,7.088095807071054,300
30,0.0,bimodal_novel,normal_eb,0.057857090044583705,0.0010977808038681609,30.0,0.885124792072118,7.088095807071054,300
30,0.0,bimodal_novel,mixture_eb,0.07249447523735693,0.0013095075800703276,30.0,0.885124792072118,7.088095807071054,300
30,0.5,homogeneous,local,0.11916686384274122,0.0022477688517565414,26.112135642467482,0.08099637308969143,7.387459314905545,300
30,0.5,homogeneous,uniform_peer,0.007423131272569255,0.00013599645061648091,26.112135642467482,0.08099637308969143,7.387459314905545,300
30,0.5,homogeneous,normal_eb,0.0073131483986200035,0.00013474542177900235,26.112135642467482,0.08099637308969143,7.387459314905545,300
30,0.5,homogeneous,mixture_eb,0.007425761417314013,0.00013676617818647062,26.112135642467482,0.08099637308969143,7.387459314905545,300
30,0.5,unimodal_heterogeneous,local,0.11604768740941535,0.0023118325747348246,26.104649473378764,0.6583052866154951,5.081287105111026,300
30,0.5,unimodal_heterogeneous,uniform_peer,0.22586882185312507,0.004149778873930544,26.104649473378764,0.6583052866154951,5.081287105111026,300
30,0.5,unimodal_heterogeneous,normal_eb,0.08270767997939066,0.001521651562896296,26.104649473378764,0.6583052866154951,5.081287105111026,300
30,0.5,unimodal_heterogeneous,mixture_eb,0.0864208531250064,0.0016100682339015113,26.104649473378764,0.6583052866154951,5.081287105111026,300
30,0.5,bimodal_compatible,local,0.1183438314316746,0.0022345489015418796,26.149820127759934,0.8644853851887507,5.273596108884897,300
30,0.5,bimodal_compatible,uniform_peer,0.4829390003471193,0.0008021065823156522,26.149820127759934,0.8644853851887507,5.273596108884897,300
30,0.5,bimodal_compatible,normal_eb,0.09828848351733431,0.0018233714291698642,26.149820127759934,0.8644853851887507,5.273596108884897,300
30,0.5,bimodal_compatible,mixture_eb,0.09706066252043191,0.0018886256102461582,26.149820127759934,0.8644853851887507,5.273596108884897,300
30,0.5,bimodal_novel,local,0.11649625401995418,0.002233235019802352,26.15198121023571,0.8647049101575848,6.883261163216782,300
30,0.5,bimodal_novel,uniform_peer,0.0019404196054813893,3.576375475507061e-05,26.15198121023571,0.8647049101575848,6.883261163216782,300
30,0.5,bimodal_novel,normal_eb,0.0875557424887936,0.0016975905759303365,26.15198121023571,0.8647049101575848,6.883261163216782,300
30,0.5,bimodal_novel,mixture_eb,0.11041279896873478,0.0020016646074776977,26.15198121023571,0.8647049101575848,6.883261163216782,300
30,0.8,homogeneous,local,0.35562485205778716,0.005959509912398668,21.4107436434795,0.06668064196792947,6.88516612998497,300
30,0.8,homogeneous,uniform_peer,0.007443650819910495,0.00013415227042752278,21.4107436434795,0.06668064196792947,6.88516612998497,300
30,0.8,homogeneous,normal_eb,0.009107094970858529,0.00017103332642984115,21.4107436434795,0.06668064196792947,6.88516612998497,300
30,0.8,homogeneous,mixture_eb,0.00943090090997273,0.00017687836436139937,21.4107436434795,0.06668064196792947,6.88516612998497,300
30,0.8,unimodal_heterogeneous,local,0.34614128607798433,0.005817854418898502,21.464749234327712,0.6076947866415218,4.888137344647322,300
30,0.8,unimodal_heterogeneous,uniform_peer,0.2271818212848271,0.004142150076140155,21.464749234327712,0.6076947866415218,4.888137344647322,300
30,0.8,unimodal_heterogeneous,normal_eb,0.1886853010866567,0.0033471562840415147,21.464749234327712,0.6076947866415218,4.888137344647322,300
30,0.8,unimodal_heterogeneous,mixture_eb,0.1891612647150107,0.003362622054528105,21.464749234327712,0.6076947866415218,4.888137344647322,300
30,0.8,bimodal_compatible,local,0.348780196597041,0.0057963589359635555,21.378735568472404,0.8281293806791347,5.572571193264477,300
30,0.8,bimodal_compatible,uniform_peer,0.48130809515282347,0.0007795019736248398,21.378735568472404,0.8281293806791347,5.572571193264477,300
30,0.8,bimodal_compatible,normal_eb,0.2708190156871552,0.004546170813400488,21.378735568472404,0.8281293806791347,5.572571193264477,300
30,0.8,bimodal_compatible,mixture_eb,0.2830223112979268,0.004895592955131018,21.378735568472404,0.8281293806791347,5.572571193264477,300
30,0.8,bimodal_novel,local,0.339630490093134,0.0057729940646383026,21.49585117032384,0.82892940543249,6.187234000290212,300
30,0.8,bimodal_novel,uniform_peer,0.0019830724812286964,3.6191290799906236e-05,21.49585117032384,0.82892940543249,6.187234000290212,300
30,0.8,bimodal_novel,normal_eb,0.2445006638037165,0.004326526208148003,21.49585117032384,0.82892940543249,6.187234000290212,300
30,0.8,bimodal_novel,mixture_eb,0.29620206153343076,0.004757723840578939,21.49585117032384,0.82892940543249,6.187234000290212,300
100,0.0,homogeneous,local,0.020546399040918224,0.0003792340692261866,100.0,0.26984299379178484,6.745273583260809,300
100,0.0,homogeneous,uniform_peer,0.007403332551761117,0.0001370130717920472,100.0,0.26984299379178484,6.745273583260809,300
100,0.0,homogeneous,normal_eb,0.005651008791205927,0.0001052418676171594,100.0,0.26984299379178484,6.745273583260809,300
100,0.0,homogeneous,mixture_eb,0.005795149095462093,0.00010874006574091328,100.0,0.26984299379178484,6.745273583260809,300
100,0.0,unimodal_heterogeneous,local,0.0199962406870637,0.0003675445140300001,100.0,0.8849762089245193,4.225333946055016,300
100,0.0,unimodal_heterogeneous,uniform_peer,0.21683751539504031,0.003985442922236686,100.0,0.8849762089245193,4.225333946055016,300
100,0.0,unimodal_heterogeneous,normal_eb,0.019520767480975556,0.00037321164481130854,100.0,0.8849762089245193,4.225333946055016,300
100,0.0,unimodal_heterogeneous,mixture_eb,0.023196277005322813,0.0005368623748149164,100.0,0.8849762089245193,4.225333946055016,300
100,0.0,bimodal_compatible,local,0.020929922438930697,0.0004059346526422494,100.0,0.9642595081938418,4.751875506176174,300
100,0.0,bimodal_compatible,uniform_peer,0.48177223980735845,0.000780972177735964,100.0,0.9642595081938418,4.751875506176174,300
100,0.0,bimodal_compatible,normal_eb,0.02024964330137123,0.00039385811393003665,100.0,0.9642595081938418,4.751875506176174,300
100,0.0,bimodal_compatible,mixture_eb,0.019659752838920797,0.00038450031083652126,100.0,0.9642595081938418,4.751875506176174,300
100,0.0,bimodal_novel,local,0.020798519963197766,0.00036878308372675434,100.0,0.9641900124195363,7.497222195159397,300
100,0.0,bimodal_novel,uniform_peer,0.0019427892658476895,3.5837648028889036e-05,100.0,0.9641900124195363,7.497222195159397,300
100,0.0,bimodal_novel,normal_eb,0.019335144921770027,0.0003428835608762556,100.0,0.9641900124195363,7.497222195159397,300
100,0.0,bimodal_novel,mixture_eb,0.021192088942116938,0.0003733990752191703,100.0,0.9641900124195363,7.497222195159397,300
100,0.5,homogeneous,local,0.03441697042781618,0.0006272021829488582,77.88588873677058,0.2118358570927732,6.829932736830216,300
100,0.5,homogeneous,uniform_peer,0.007252780039439441,0.00012943949094695295,77.88588873677058,0.2118358570927732,6.829932736830216,300
100,0.5,homogeneous,normal_eb,0.006512633611974638,0.00011632633778461336,77.88588873677058,0.2118358570927732,6.829932736830216,300
100,0.5,homogeneous,mixture_eb,0.006739456130689092,0.00012266624709906984,77.88588873677058,0.2118358570927732,6.829932736830216,300
100,0.5,unimodal_heterogeneous,local,0.034213892521582134,0.000623711507851205,77.9541574859019,0.8521782384532048,4.302624460238728,300
100,0.5,unimodal_heterogeneous,uniform_peer,0.24286859055316348,0.004569190333608033,77.9541574859019,0.8521782384532048,4.302624460238728,300
100,0.5,unimodal_heterogeneous,normal_eb,0.03146240139167349,0.0005781579461206023,77.9541574859019,0.8521782384532048,4.302624460238728,300
100,0.5,unimodal_heterogeneous,mixture_eb,0.035785214315649586,0.0007220078484020557,77.9541574859019,0.8521782384532048,4.302624460238728,300
100,0.5,bimodal_compatible,local,0.0340635480764121,0.0006167701447000707,78.01634381010645,0.9517414973944767,4.828334861673402,300
100,0.5,bimodal_compatible,uniform_peer,0.48368847762447453,0.0007967565288867196,78.01634381010645,0.9517414973944767,4.828334861673402,300
100,0.5,bimodal_compatible,normal_eb,0.03215689257489621,0.0005808633219331976,78.01634381010645,0.9517414973944767,4.828334861673402,300
100,0.5,bimodal_compatible,mixture_eb,0.03132356440801509,0.0005706453139550798,78.01634381010645,0.9517414973944767,4.828334861673402,300
100,0.5,bimodal_novel,local,0.03302666166053169,0.0006223916487400565,77.58786966163206,0.9512066529661131,7.3544141088630965,300
100,0.5,bimodal_novel,uniform_peer,0.0019112554316813774,3.546412124694864e-05,77.58786966163206,0.9512066529661131,7.3544141088630965,300
100,0.5,bimodal_novel,normal_eb,0.02988803009221473,0.0005649830130574284,77.58786966163206,0.9512066529661131,7.3544141088630965,300
100,0.5,bimodal_novel,mixture_eb,0.033555340385894916,0.0006242967761128818,77.58786966163206,0.9512066529661131,7.3544141088630965,300
100,0.8,homogeneous,local,0.09856335374920489,0.001764304626180963,44.25914925011419,0.13279099326121313,6.843789637091988,300
100,0.8,homogeneous,uniform_peer,0.00719189366009441,0.00013425759814786708,44.25914925011419,0.13279099326121313,6.843789637091988,300
100,0.8,homogeneous,normal_eb,0.008376397433114358,0.00017037121015245186,44.25914925011419,0.13279099326121313,6.843789637091988,300
100,0.8,homogeneous,mixture_eb,0.008546726524377,0.00016741506824090083,44.25914925011419,0.13279099326121313,6.843789637091988,300
100,0.8,unimodal_heterogeneous,local,0.09654178941904636,0.0017383501549692183,43.664523309356944,0.7522475852763737,4.662239060868326,300
100,0.8,unimodal_heterogeneous,uniform_peer,0.22605284462241812,0.004108348025064058,43.664523309356944,0.7522475852763737,4.662239060868326,300
100,0.8,unimodal_heterogeneous,normal_eb,0.07546534623193313,0.001397299662401499,43.664523309356944,0.7522475852763737,4.662239060868326,300
100,0.8,unimodal_heterogeneous,mixture_eb,0.07841235791818037,0.0014955950948629503,43.664523309356944,0.7522475852763737,4.662239060868326,300
100,0.8,bimodal_compatible,local,0.09364544027755475,0.00164036484893076,43.73967345045893,0.9116434678941171,5.1239443567224585,300
100,0.8,bimodal_compatible,uniform_peer,0.48220190140263186,0.0007941121247966632,43.73967345045893,0.9116434678941171,5.1239443567224585,300
100,0.8,bimodal_compatible,normal_eb,0.08316579783494162,0.0014824661854902351,43.73967345045893,0.9116434678941171,5.1239443567224585,300
100,0.8,bimodal_compatible,mixture_eb,0.08241978406097908,0.001499364029729512,43.73967345045893,0.9116434678941171,5.1239443567224585,300
100,0.8,bimodal_novel,local,0.09800992229508118,0.0017320870039954678,43.52556884762469,0.9110152662297865,6.856255066682404,300
100,0.8,bimodal_novel,uniform_peer,0.001938962884906918,3.4377856727498514e-05,43.52556884762469,0.9110152662297865,6.856255066682404,300
100,0.8,bimodal_novel,normal_eb,0.08268913524612485,0.0014961761861544077,43.52556884762469,0.9110152662297865,6.856255066682404,300
100,0.8,bimodal_novel,mixture_eb,0.0968429513178079,0.0016631646555765648,43.52556884762469,0.9110152662297865,6.856255066682404,300
300,0.0,homogeneous,local,0.006701824600048234,0.0001260840733619326,300.0,0.49572327594677956,5.898887891848603,300
300,0.0,homogeneous,uniform_peer,0.00736209255593445,0.0001347641001120144,300.0,0.49572327594677956,5.898887891848603,300
300,0.0,homogeneous,normal_eb,0.003721442317322912,6.890194145456698e-05,300.0,0.49572327594677956,5.898887891848603,300
300,0.0,homogeneous,mixture_eb,0.0038459878368925907,7.112971681999566e-05,300.0,0.49572327594677956,5.898887891848603,300
300,0.0,unimodal_heterogeneous,local,0.006653888779962944,0.0001236239335230128,300.0,0.9583776879474829,3.869447540354308,300
300,0.0,unimodal_heterogeneous,uniform_peer,0.2190998500767655,0.004008826781585703,300.0,0.9583776879474829,3.869447540354308,300
300,0.0,unimodal_heterogeneous,normal_eb,0.006598091939642711,0.00012280353997634594,300.0,0.9583776879474829,3.869447540354308,300
300,0.0,unimodal_heterogeneous,mixture_eb,0.008056255615901637,0.00022655873898721812,300.0,0.9583776879474829,3.869447540354308,300
300,0.0,bimodal_compatible,local,0.006563661776974421,0.00011884045020466311,300.0,0.987918817539204,4.6226160020855644,300
300,0.0,bimodal_compatible,uniform_peer,0.48259338566720905,0.0007837474237902354,300.0,0.987918817539204,4.6226160020855644,300
300,0.0,bimodal_compatible,normal_eb,0.006472338698243542,0.00011700591489574416,300.0,0.987918817539204,4.6226160020855644,300
300,0.0,bimodal_compatible,mixture_eb,0.006411203165667691,0.00011610143688241376,300.0,0.987918817539204,4.6226160020855644,300
300,0.0,bimodal_novel,local,0.006679459212264234,0.00011845430034103073,300.0,0.9878942570058061,7.7283127124300215,300
300,0.0,bimodal_novel,uniform_peer,0.001944634420740699,3.637475300365457e-05,300.0,0.9878942570058061,7.7283127124300215,300
300,0.0,bimodal_novel,normal_eb,0.006518883193966694,0.0001156181575235921,300.0,0.9878942570058061,7.7283127124300215,300
300,0.0,bimodal_novel,mixture_eb,0.006744558622768516,0.00011949704046852988,300.0,0.9878942570058061,7.7283127124300215,300
300,0.5,homogeneous,local,0.01155045698789623,0.00021045898740204157,211.35674599710967,0.42460942902339444,6.097845945178618,300
300,0.5,homogeneous,uniform_peer,0.0073385584925142085,0.00013241931564703452,211.35674599710967,0.42460942902339444,6.097845945178618,300
300,0.5,homogeneous,normal_eb,0.004921642762036336,8.956044718326735e-05,211.35674599710967,0.42460942902339444,6.097845945178618,300
300,0.5,homogeneous,mixture_eb,0.005105334727723258,9.260074952081004e-05,211.35674599710967,0.42460942902339444,6.097845945178618,300
300,0.5,unimodal_heterogeneous,local,0.011046819527784763,0.0001986061027351954,211.94677812475908,0.9352970702214126,3.8805903662681516,300
300,0.5,unimodal_heterogeneous,uniform_peer,0.2173755267943055,0.0039320910645451995,211.94677812475908,0.9352970702214126,3.8805903662681516,300
300,0.5,unimodal_heterogeneous,normal_eb,0.01116614608398809,0.00020942698091150173,211.94677812475908,0.9352970702214126,3.8805903662681516,300
300,0.5,unimodal_heterogeneous,mixture_eb,0.01342020739046427,0.00035554144337740913,211.94677812475908,0.9352970702214126,3.8805903662681516,300
300,0.5,bimodal_compatible,local,0.011401418770029568,0.00021146718640642818,211.80680371331565,0.9821812375756835,4.656529285818762,300
300,0.5,bimodal_compatible,uniform_peer,0.4829344913154147,0.0008005959283348601,211.80680371331565,0.9821812375756835,4.656529285818762,300
300,0.5,bimodal_compatible,normal_eb,0.011159115502532894,0.00020779256398112509,211.80680371331565,0.9821812375756835,4.656529285818762,300
300,0.5,bimodal_compatible,mixture_eb,0.011020661725597682,0.00020500136579456522,211.80680371331565,0.9821812375756835,4.656529285818762,300
300,0.5,bimodal_novel,local,0.01099639716843142,0.00020389060874511874,211.53593898318127,0.9821945153707317,7.646844916106282,300
300,0.5,bimodal_novel,uniform_peer,0.0019559949877477737,3.556923707342209e-05,211.53593898318127,0.9821945153707317,7.646844916106282,300
300,0.5,bimodal_novel,normal_eb,0.010605623142084181,0.00019658673463405978,211.53593898318127,0.9821945153707317,7.646844916106282,300
300,0.5,bimodal_novel,mixture_eb,0.011135752537185236,0.00020597143093096344,211.53593898318127,0.9821945153707317,7.646844916106282,300
300,0.8,homogeneous,local,0.030356172838697678,0.000544324262340098,98.43960824457159,0.24443679627735718,6.625554012611236,300
300,0.8,homogeneous,uniform_peer,0.0072546678712714615,0.00013184478284631088,98.43960824457159,0.24443679627735718,6.625554012611236,300
300,0.8,homogeneous,normal_eb,0.006663618784460887,0.00012704637178060968,98.43960824457159,0.24443679627735718,6.625554012611236,300
300,0.8,homogeneous,mixture_eb,0.006779536077374033,0.00012779185021674053,98.43960824457159,0.24443679627735718,6.625554012611236,300
300,0.8,unimodal_heterogeneous,local,0.03139535741827469,0.0005836080924030076,98.46307782556119,0.8780242073015849,4.1959622997113035,300
300,0.8,unimodal_heterogeneous,uniform_peer,0.23925877156793834,0.004361857100179739,98.46307782556119,0.8780242073015849,4.1959622997113035,300
300,0.8,unimodal_heterogeneous,normal_eb,0.0295551489484127,0.000547249723162657,98.46307782556119,0.8780242073015849,4.1959622997113035,300
300,0.8,unimodal_heterogeneous,mixture_eb,0.03322467359108304,0.0006974916092393941,98.46307782556119,0.8780242073015849,4.1959622997113035,300
300,0.8,bimodal_compatible,local,0.030926433269868596,0.000547463991232654,98.20926610410334,0.9615893795112778,4.787796709260518,300
300,0.8,bimodal_compatible,uniform_peer,0.4824624084609175,0.000795949590045949,98.20926610410334,0.9615893795112778,4.787796709260518,300
300,0.8,bimodal_compatible,normal_eb,0.029357880633524867,0.0005194857309240208,98.20926610410334,0.9615893795112778,4.787796709260518,300
300,0.8,bimodal_compatible,mixture_eb,0.028876249552070646,0.0005135710873801815,98.20926610410334,0.9615893795112778,4.787796709260518,300
300,0.8,bimodal_novel,local,0.03174946603360642,0.0005761241441767036,98.11380151325268,0.9614326062307855,7.355422010641244,300
300,0.8,bimodal_novel,uniform_peer,0.0019502361572187228,3.5204803273894684e-05,98.11380151325268,0.9614326062307855,7.355422010641244,300
300,0.8,bimodal_novel,normal_eb,0.029440879215527665,0.000536455053025029,98.11380151325268,0.9614326062307855,7.355422010641244,300
300,0.8,bimodal_novel,mixture_eb,0.03222945882485658,0.000579168344070955,98.11380151325268,0.9614326062307855,7.355422010641244,300
1000,0.0,homogeneous,local,0.0020193783754717406,3.569939825724366e-05,1000.0,0.7560931640521619,4.884377463374079,300
1000,0.0,homogeneous,uniform_peer,0.00718666325766453,0.00013113744794603785,1000.0,0.7560931640521619,4.884377463374079,300
1000,0.0,homogeneous,normal_eb,0.0016892533412742488,3.0708897592925054e-05,1000.0,0.7560931640521619,4.884377463374079,300
1000,0.0,homogeneous,mixture_eb,0.0018148539174462593,3.402539683945236e-05,1000.0,0.7560931640521619,4.884377463374079,300
1000,0.0,unimodal_heterogeneous,local,0.001993411038806668,3.627432719890841e-05,1000.0,0.986382841237091,3.629748667810881,300
1000,0.0,unimodal_heterogeneous,uniform_peer,0.22517118624973728,0.004131518432430078,1000.0,0.986382841237091,3.629748667810881,300
1000,0.0,unimodal_heterogeneous,normal_eb,0.002003277653458579,3.688147287832012e-05,1000.0,0.986382841237091,3.629748667810881,300
1000,0.0,unimodal_heterogeneous,mixture_eb,0.002674604307343483,0.00017438199512835554,1000.0,0.986382841237091,3.629748667810881,300
1000,0.0,bimodal_compatible,local,0.0020435578306135516,3.79353928577752e-05,1000.0,0.9963781940178982,4.592528352292628,300
1000,0.0,bimodal_compatible,uniform_peer,0.4806372191736831,0.0007918408804928749,1000.0,0.9963781940178982,4.592528352292628,300
1000,0.0,bimodal_compatible,normal_eb,0.0020327864768477422,3.769165652259944e-05,1000.0,0.9963781940178982,4.592528352292628,300
1000,0.0,bimodal_compatible,mixture_eb,0.002028392874771737,3.76457553716714e-05,1000.0,0.9963781940178982,4.592528352292628,300
1000,0.0,bimodal_novel,local,0.0020011373271597464,3.58421091357493e-05,1000.0,0.9963750654530815,7.836116082201115,300
1000,0.0,bimodal_novel,uniform_peer,0.0019258074399908086,3.526380983897163e-05,1000.0,0.9963750654530815,7.836116082201115,300
1000,0.0,bimodal_novel,normal_eb,0.0019865973191670197,3.558521974268189e-05,1000.0,0.9963750654530815,7.836116082201115,300
1000,0.0,bimodal_novel,mixture_eb,0.0020077811084411212,3.595594816930686e-05,1000.0,0.9963750654530815,7.836116082201115,300
1000,0.5,homogeneous,local,0.003435378763273118,6.280672814086022e-05,653.4780127952812,0.6672125819040364,5.2453264625390155,300
1000,0.5,homogeneous,uniform_peer,0.007204739047708658,0.00013397964181061933,653.4780127952812,0.6672125819040364,5.2453264625390155,300
1000,0.5,homogeneous,normal_eb,0.0025608038292637063,4.6414936807798144e-05,653.4780127952812,0.6672125819040364,5.2453264625390155,300
1000,0.5,homogeneous,mixture_eb,0.002691739196694101,4.883874839653712e-05,653.4780127952812,0.6672125819040364,5.2453264625390155,300
1000,0.5,unimodal_heterogeneous,local,0.0033523365642247403,6.207558923730197e-05,654.1931620012261,0.979266977232461,3.6798639981303882,300
1000,0.5,unimodal_heterogeneous,uniform_peer,0.22584090702487894,0.004103285461275568,654.1931620012261,0.979266977232461,3.6798639981303882,300
1000,0.5,unimodal_heterogeneous,normal_eb,0.0033298940109367063,6.188643728753823e-05,654.1931620012261,0.979266977232461,3.6798639981303882,300
1000,0.5,unimodal_heterogeneous,mixture_eb,0.003979281404001766,0.00011133844924950905,654.1931620012261,0.979266977232461,3.6798639981303882,300
1000,0.5,bimodal_compatible,local,0.003347098570745825,6.079769213508588e-05,651.9444030891492,0.9943374501424163,4.593673671846801,300
1000,0.5,bimodal_compatible,uniform_peer,0.4836717956293599,0.0007934391407107181,651.9444030891492,0.9943374501424163,4.593673671846801,300
1000,0.5,bimodal_compatible,normal_eb,0.0033237693859001177,6.0459947199302335e-05,651.9444030891492,0.9943374501424163,4.593673671846801,300
1000,0.5,bimodal_compatible,mixture_eb,0.0033097323644505168,6.015584214205754e-05,651.9444030891492,0.9943374501424163,4.593673671846801,300
1000,0.5,bimodal_novel,local,0.003210927571445009,5.922420218901101e-05,653.943302173388,0.9943196101393429,7.80534687557539,300
1000,0.5,bimodal_novel,uniform_peer,0.0019725443097783017,3.6419027922308635e-05,653.943302173388,0.9943196101393429,7.80534687557539,300
1000,0.5,bimodal_novel,normal_eb,0.003174722667816037,5.854349942158357e-05,653.943302173388,0.9943196101393429,7.80534687557539,300
1000,0.5,bimodal_novel,mixture_eb,0.003226928160155089,5.9507900995963945e-05,653.943302173388,0.9943196101393429,7.80534687557539,300
1000,0.8,homogeneous,local,0.00884138817866364,0.00015707724203954253,281.0085955565228,0.47886134661996915,5.886269050883216,300
1000,0.8,homogeneous,uniform_peer,0.007517950945368149,0.00013411482348907024,281.0085955565228,0.47886134661996915,5.886269050883216,300
1000,0.8,homogeneous,normal_eb,0.004492383388957728,8.26583180143901e-05,281.0085955565228,0.47886134661996915,5.886269050883216,300
1000,0.8,homogeneous,mixture_eb,0.0046786707289595145,8.671893458006509e-05,281.0085955565228,0.47886134661996915,5.886269050883216,300
1000,0.8,unimodal_heterogeneous,local,0.009366840644506743,0.00016688851847625454,281.8669010125677,0.9500269771085418,3.71991118479885,300
1000,0.8,unimodal_heterogeneous,uniform_peer,0.22967534546339222,0.00423888821730575,281.8669010125677,0.9500269771085418,3.71991118479885,300
1000,0.8,unimodal_heterogeneous,normal_eb,0.009422535342303346,0.00017122693871488053,281.8669010125677,0.9500269771085418,3.71991118479885,300
1000,0.8,unimodal_heterogeneous,mixture_eb,0.011982488923617727,0.00034551044708992204,281.8669010125677,0.9500269771085418,3.71991118479885,300
1000,0.8,bimodal_compatible,local,0.009218758522277664,0.00016548205001132456,281.2232453136261,0.9868647204688807,4.641977250368894,300
1000,0.8,bimodal_compatible,uniform_peer,0.4830983614408652,0.0007912467748614836,281.2232453136261,0.9868647204688807,4.641977250368894,300
1000,0.8,bimodal_compatible,normal_eb,0.009071758766848181,0.0001629899853349938,281.2232453136261,0.9868647204688807,4.641977250368894,300
1000,0.8,bimodal_compatible,mixture_eb,0.008989131343518019,0.00016144782205563401,281.2232453136261,0.9868647204688807,4.641977250368894,300
1000,0.8,bimodal_novel,local,0.009037300922997359,0.00016610836227483967,282.3484785088098,0.9868581106902597,7.68358137101321,300
1000,0.8,bimodal_novel,uniform_peer,0.001996648975513608,3.6108807092025334e-05,282.3484785088098,0.9868581106902597,7.68358137101321,300
1000,0.8,bimodal_novel,normal_eb,0.008802560124476687,0.00016178932733968644,282.3484785088098,0.9868581106902597,7.68358137101321,300
1000,0.8,bimodal_novel,mixture_eb,0.009126991963428553,0.00016748476488885136,282.3484785088098,0.9868581106902597,7.68358137101321,300
