device,support_n,replicates,mean_1.0_ess_median,mean_1.0_ess_q10,mean_1.0_shuffled_ess_median,mean_1.0_fraction_nominal,mean_2.0_ess_median,mean_2.0_ess_q10,mean_2.0_shuffled_ess_median,mean_2.0_fraction_nominal,variance_1.0_ess_median,variance_1.0_ess_q10,variance_1.0_shuffled_ess_median,variance_1.0_fraction_nominal,variance_2.0_ess_median,variance_2.0_ess_q10,variance_2.0_shuffled_ess_median,variance_2.0_fraction_nominal
Danmini_Doorbell,30,15,28.985098197472315,17.151777962841795,30.0,0.9661699399157438,30.0,21.921689338189115,30.0,1.0,30.0,19.217354969941564,30.0,1.0,30.0,24.944615681705546,30.0,1.0
Danmini_Doorbell,100,15,100.0,50.80956502241945,100.0,1.0,100.0,51.87726258562417,100.0,1.0,100.0,55.83359412086866,100.0,1.0,100.0,55.20616610326293,100.0,1.0
Danmini_Doorbell,300,15,300.0,147.3435598162121,300.0,1.0,300.0,136.528150613717,300.0,1.0,300.0,164.659429856462,300.0,1.0,300.0,142.72442124552012,300.0,1.0
Danmini_Doorbell,1000,15,1000.0,453.659681184992,1000.0,1.0,1000.0,441.77550627653096,1000.0,1.0,1000.0,497.6816329897548,1000.0,1.0,1000.0,437.39923583347405,1000.0,1.0
Ecobee_Thermostat,30,15,30.0,24.496731082689546,30.0,1.0,30.0,27.016174084410835,30.0,1.0,30.0,27.78185290671801,30.0,1.0,30.0,29.053591580633462,30.0,1.0
Ecobee_Thermostat,100,15,100.0,77.56513472124317,100.0,1.0,100.0,94.20128244565136,100.0,1.0,100.0,82.09936201639741,100.0,1.0,100.0,83.51085829700376,100.0,1.0
Ecobee_Thermostat,300,15,300.0,220.58629089867662,300.0,1.0,300.0,281.2490594578454,300.0,1.0,300.0,226.51701710324664,300.0,1.0,300.0,247.4691029984698,300.0,1.0
Ecobee_Thermostat,1000,15,1000.0,717.1439331310887,1000.0,1.0,1000.0,991.5735208713864,1000.0,1.0,1000.0,717.5184972405549,1000.0,1.0,1000.0,756.7994945897527,1000.0,1.0
Ennio_Doorbell,30,15,24.142581161162553,11.60585970141237,30.0,0.8047527053720851,20.861546232363942,8.61094012317792,30.0,0.6953848744121314,29.999981849670863,12.770328038296384,30.0,0.9999993949890288,29.99997985886578,11.243536862489998,30.0,0.9999993286288593
Ennio_Doorbell,100,15,99.80578718860077,42.75010345873828,100.0,0.9980578718860077,100.0,38.37370134708534,100.0,1.0,90.16754633087558,41.96541488090961,100.0,0.9016754633087558,100.0,40.01150464565211,100.0,1.0
Ennio_Doorbell,300,15,189.91350533767672,90.03163582436135,300.0,0.6330450177922557,162.7677587063021,76.38697786090046,300.0,0.5425591956876736,159.63298072205,103.62585868433645,300.0,0.5321099357401667,149.7524371633267,93.8620349980837,300.0,0.4991747905444223
Ennio_Doorbell,1000,15,541.1525057605189,267.350578174082,989.5681164672652,0.5411525057605189,535.3318343916213,261.2408840215711,1000.0,0.5353318343916214,555.2688059981054,314.2987122667868,1000.0,0.5552688059981055,528.8757662251771,314.0543943298365,1000.0,0.5288757662251772
Philips_B120N10_Baby_Monitor,30,15,27.77304229885344,12.501988826790672,30.0,0.925768076628448,30.0,10.183945892965555,30.0,1.0,28.151742742634625,15.3021950380265,30.0,0.9383914247544874,30.0,14.408725972700477,30.0,1.0
Philips_B120N10_Baby_Monitor,100,15,100.0,37.986378318652974,100.0,1.0,100.0,34.4809249033845,100.0,1.0,100.0,47.448787900122504,100.0,1.0,100.0,48.56561747750748,100.0,1.0
Philips_B120N10_Baby_Monitor,300,15,276.53461441580777,94.26317453572649,300.0,0.9217820480526926,300.0,93.95363476590482,300.0,1.0,291.24315019927843,121.58064163510528,300.0,0.9708105006642614,300.0,140.00855434011754,300.0,1.0
Philips_B120N10_Baby_Monitor,1000,15,302.9020455995173,176.99544757151307,1000.0,0.3029020455995173,206.6691606725014,101.92221828313035,1000.0,0.20666916067250138,188.5972723313522,158.61398774900923,979.2722802902717,0.1885972723313522,114.40990226903705,93.12240595257529,1000.0,0.11440990226903705
Provision_PT_737E_Security_Camera,30,15,17.931496895840045,12.111174792022387,30.0,0.5977165631946681,16.85795720406118,10.088632236661354,30.0,0.5619319068020393,23.738274503784254,12.821036889536938,30.0,0.7912758167928085,26.5360332345909,11.084893602798218,30.0,0.8845344411530299
Provision_PT_737E_Security_Camera,100,15,51.267548137742494,33.96794302863463,100.0,0.5126754813774249,47.96978071294246,25.888820936920965,100.0,0.4796978071294246,48.60130269750331,34.53073304873592,100.0,0.48601302697503307,47.38665254959696,26.90307719809295,100.0,0.4738665254959696
Provision_PT_737E_Security_Camera,300,15,60.45644566024371,52.10317424577573,300.0,0.2015214855341457,35.76398490995278,29.390028453911665,300.0,0.11921328303317594,70.95848523612844,52.81526908982855,300.0,0.23652828412042812,45.712681706870505,30.383991460216322,300.0,0.15237560568956834
Provision_PT_737E_Security_Camera,1000,15,179.90569513610203,148.4832836867564,1000.0,0.17990569513610202,103.57340230490978,82.40092335842537,1000.0,0.10357340230490977,184.08243839553006,148.69005372574355,1000.0,0.18408243839553007,113.47548952469695,82.83767106937948,1000.0,0.11347548952469695
Provision_PT_838_Security_Camera,30,15,19.018867924854753,12.146666291865477,30.0,0.6339622641618251,20.417458553168743,9.788261288757838,30.0,0.6805819517722914,20.599093014865485,12.028514817644922,30.0,0.6866364338288495,21.130835385651007,10.833526379104399,30.0,0.7043611795217003
Provision_PT_838_Security_Camera,100,15,51.28809062060448,31.476811566828104,100.0,0.5128809062060448,45.05441219258686,22.86847690582677,100.0,0.45054412192586857,54.972273100429646,35.02207225100577,100.0,0.5497227310042965,50.356587679725465,28.686946679849715,100.0,0.5035658767972546
Provision_PT_838_Security_Camera,300,15,68.54834681973378,53.89612705458741,297.41951429492184,0.2284944893991126,42.39384359595011,31.148960116816443,300.0,0.14131281198650036,92.58988399927108,57.79844128319688,300.0,0.30863294666423696,66.22166910543947,34.46870356914165,300.0,0.22073889701813157
Provision_PT_838_Security_Camera,1000,15,187.9746490287302,152.50655192470825,1000.0,0.1879746490287302,114.53465814778527,86.882019317821,1000.0,0.11453465814778527,224.86436634900815,153.2545870786511,1000.0,0.22486436634900814,146.998925231257,87.05397115504279,1000.0,0.14699892523125702
Samsung_SNH_1011_N_Webcam,30,15,30.0,29.506010023167146,30.0,1.0,30.0,30.0,30.0,1.0,30.0,30.0,30.0,1.0,30.0,30.0,30.0,1.0
Samsung_SNH_1011_N_Webcam,100,15,100.0,100.0,100.0,1.0,100.0,100.0,100.0,1.0,100.0,100.0,100.0,1.0,100.0,100.0,100.0,1.0
Samsung_SNH_1011_N_Webcam,300,15,300.0,300.0,300.0,1.0,300.0,299.9999999990573,300.0,1.0,300.0,287.62029622532964,300.0,1.0,300.0,300.0,300.0,1.0
Samsung_SNH_1011_N_Webcam,1000,15,1000.0,993.2714675479876,1000.0,1.0,1000.0,876.5317993892772,1000.0,1.0,1000.0,884.1225305366653,1000.0,1.0,1000.0,743.3076106412561,990.9013716248594,1.0
SimpleHome_XCS7_1002_WHT_Security_Camera,30,15,23.50446731265578,9.506051587466011,30.0,0.7834822437551927,20.81197132191688,6.980148935356034,30.0,0.6937323773972293,16.35225982206787,10.165559433960718,30.0,0.5450753274022624,14.071249708668585,7.709253804113128,30.0,0.4690416569556195
SimpleHome_XCS7_1002_WHT_Security_Camera,100,15,58.000330468636996,25.429854943651012,100.0,0.58000330468637,47.53751686781173,18.520682485230896,100.0,0.4753751686781173,41.33492210942574,29.98214116095831,100.0,0.4133492210942574,36.2952010196608,22.03241243540608,100.0,0.362952010196608
SimpleHome_XCS7_1002_WHT_Security_Camera,300,15,173.43297956032907,72.49755377830238,300.0,0.5781099318677636,153.74063328284564,59.241938839818154,300.0,0.5124687776094855,120.38157857131357,85.96356750437262,300.0,0.4012719285710452,120.87827084227924,70.2456615960945,300.0,0.4029275694742641
SimpleHome_XCS7_1002_WHT_Security_Camera,1000,15,312.4076467660156,189.439738029385,1000.0,0.3124076467660156,243.33126189661596,135.58502755550188,990.7500841161409,0.24333126189661597,278.2002314497122,198.12896342017027,1000.0,0.2782002314497122,224.15110294627442,137.0905064238817,1000.0,0.2241511029462744
SimpleHome_XCS7_1003_WHT_Security_Camera,30,15,30.0,30.0,30.0,1.0,30.0,30.0,30.0,1.0,30.0,30.0,30.0,1.0,30.0,30.0,30.0,1.0
SimpleHome_XCS7_1003_WHT_Security_Camera,100,15,100.0,86.34646142700984,100.0,1.0,100.0,87.1541026527777,100.0,1.0,100.0,88.35829632908451,100.0,1.0,100.0,77.20248787890743,100.0,1.0
SimpleHome_XCS7_1003_WHT_Security_Camera,300,15,300.0,180.29220357749514,300.0,1.0,300.0,139.57550447272416,300.0,1.0,300.0,188.8313457273812,300.0,1.0,300.0,164.4864172297448,300.0,1.0
SimpleHome_XCS7_1003_WHT_Security_Camera,1000,15,1000.0,348.0454896012454,1000.0,1.0,1000.0,249.5708922090192,1000.0,1.0,999.950135121123,365.10497012720714,1000.0,0.9999501351211231,999.999996682061,290.690467076106,1000.0,0.999999996682061
